Age;Joueur;Pos;Team;GP;G;A;PTS;Plusminus;PIM
28;Jimmy Hayes;RW;NJD;33;3;6;9;-2;6
30;Jori Lehtera;C;PHI;62;3;5;8;-8;14
27;Michael Stone;D;CGY;82;3;7;10;-11;28
35;Scott Hartnell;LW;NSH;62;13;11;24;-3;82
36;Ron Hainsey;D;TOR;80;4;19;23;12;20
38;Chris Kunitz;LW;TBL;82;13;16;29;8;35
27;Adam Henrique;C;NJD, ANA;81;24;26;50;11;20
37;Brooks Orpik;D;WSH;81;0;10;10;-9;68
22;Daniel Brickley;D;LAK;1;0;1;1;1;0
26;Curtis McKenzie;LW;DAL;7;0;2;2;3;11
24;Tucker Poolman;D;WPG;24;1;1;2;2;0
36;Justin Williams;RW;CAR;82;16;35;51;-9;56
37;Niklas Kronwall;D;DET;79;4;23;27;-14;36
27;David Warsofsky;D;COL;16;0;5;5;4;0
29;Dale Weise;RW;PHI;46;4;4;8;-7;21
27;Anders Lee;LW;NYI;82;40;22;62;-25;44
27;T.J. Brodie;D;CGY;73;4;28;32;-16;18
28;Gustav Nyquist;RW;DET;82;21;19;40;-2;20
27;Derek Grant;C;ANA;66;12;12;24;3;11
28;Matt Calvert;LW;CBJ;69;9;15;24;-10;33
36;Paul Martin;D;SJS;14;0;2;2;3;2
27;Greg Pateryn;D;DAL;73;1;12;13;6;50
33;Eric Staal;C;MIN;82;42;34;76;8;42
34;Thomas Vanek;LW;VAN, CBJ;80;24;32;56;-3;36
33;Ryan Suter;D;MIN;78;6;45;51;-1;34
32;Braydon Coburn;D;TBL;72;1;14;15;3;40
32;Dion Phaneuf;D;OTT, LAK;79;6;20;26;-15;49
33;Jeff Carter;C;LAK;27;13;9;22;4;2
33;Dustin Brown;RW;LAK;81;28;33;61;31;58
32;Brent Seabrook;D;CHI;81;7;19;26;-3;38
32;Steve Bernier;RW;NYI;4;0;0;0;-2;0
33;Zach Parise;LW;MIN;42;15;9;24;0;14
32;Eric Fehr;C;TOR, SJS;18;3;1;4;6;2
32;Ryan Getzlaf;C;ANA;56;11;50;61;20;42
28;Matt Martin;LW;TOR;50;3;9;12;0;50
33;Ryan Kesler;C;ANA;44;8;6;14;-4;46
33;Brian Boyle;C;NJD;69;13;10;23;-9;45
28;Jared Spurgeon;D;MIN;61;9;28;37;-6;8
27;Mark Barberio;D;COL;46;3;10;13;6;31
33;Patrick Eaves;RW;ANA;2;1;0;1;0;0
37;Dominic Moore;C;TOR;50;6;6;12;3;16
32;Loui Eriksson;LW;VAN;50;10;13;23;0;4
27;Marcus Kruger;C;CAR;48;1;5;6;-6;28
20;Tage Thompson;C;STL;41;3;6;9;-12;12
29;Brad Hunt;D;VGK;45;3;15;18;-5;6
27;Lance Bouma;LW;CHI;53;3;6;9;1;36
32;Patrice Bergeron;C;BOS;64;30;33;63;21;26
21;Rasmus Andersson;D;CGY;10;0;0;0;-1;4
27;Zac Rinaldo;LW/C;ARI;53;5;2;7;-7;44
32;Shea Weber;D;MTL;26;6;10;16;-8;14
29;Tommy Wingels;RW/C;CHI, BOS;75;9;8;17;-11;45
21;Travis Sanheim;D;PHI;49;2;8;10;-6;20
29;Zach Redmond;D;BUF;3;0;0;0;1;2
26;Torey Krug;D;BOS;76;14;45;59;0;36
23;Andrei Mironov;D;COL;10;1;2;3;2;12
21;Denis Malgin;C;FLA;51;11;11;22;4;6
29;Matt Bartkowski;D;CGY;18;0;3;3;-3;4
22;Christian Wolanin;D;OTT;10;1;2;3;-4;0
33;David Backes;RW;BOS;57;14;19;33;2;53
36;Matt Hendricks;LW/C;WPG;60;5;8;13;-1;39
27;J.T. Brown;RW;TBL, ANA;47;2;5;7;-5;24
27;Matt Tennyson;D;BUF;15;0;0;0;-8;8
23;Dominik Simon;C;PIT;33;4;8;12;2;16
21;Christian Jaros;D;OTT;2;0;0;0;0;0
28;Luke Glendening;RW;DET;69;11;8;19;-14;17
20;Troy Terry;RW;ANA;2;0;0;0;0;0
26;Yanni Gourde;C;TBL;82;25;39;64;34;50
21;Shane Gersich;LW;WSH;3;0;1;1;-1;0
21;Zach Whitecloud;D;VGK;1;0;0;0;3;0
30;Bobby Ryan;RW;OTT;62;11;22;33;-12;14
24;Ryan Murray;D;CBJ;44;1;11;12;4;8
23;Alex Galchenyuk;LW;MTL;82;19;32;51;-31;22
23;Morgan Rielly;D;TOR;76;6;46;52;-4;14
24;Hampus Lindholm;D;ANA;69;13;18;31;16;34
24;Nail Yakupov;RW;COL;58;9;7;16;2;26
23;Mathew Dumba;D;MIN;82;14;36;50;15;41
24;Pontus Aberg;LW;NSH, EDM;53;4;12;16;9;10
24;Phillip Di Giuseppe;LW;CAR;49;5;8;13;0;17
30;Jordie Benn;D;MTL;77;4;11;15;-2;34
21;Sami Niku;D;WPG;1;1;0;1;0;0
32;Kyle Quincey;D;MIN;18;0;3;3;-4;28
23;Brady Skjei;D;NYR;82;4;21;25;-27;39
23;Stefan Matteau;C;VGK;8;0;1;1;0;0
25;Tanner Pearson;LW;LAK;82;15;25;40;11;27
23;Scott Laughton;C;PHI;81;10;10;20;-10;42
23;Mark Jankowski;C;CGY;72;17;8;25;-7;33
23;Olli Maatta;D;PIT;82;7;22;29;-1;28
23;Mike Matheson;D;FLA;81;10;17;27;-1;61
24;Jordan Schmaltz;D;STL;13;0;1;1;0;6
24;Zemgus Girgensons;C;BUF;71;7;8;15;-12;26
24;Cody Ceci;D;OTT;82;5;14;19;-27;12
23;Tom Wilson;RW;WSH;78;14;21;35;10;187
24;Tomas Hertl;C;SJS;79;22;24;46;-2;41
23;Teuvo Teravainen;LW;CAR;82;23;41;64;8;14
24;Derrick Pouliot;D;VAN;71;3;19;22;-22;39
23;Jacob Trouba;D;WPG;55;3;21;24;9;34
23;Slater Koekkoek;D;TBL;35;4;4;8;4;18
23;Filip Forsberg;LW;NSH;67;26;38;64;27;38
24;Radek Faksa;C;DAL;79;17;16;33;21;36
23;Patrick Sieloff;D;OTT;1;1;0;1;-2;0
24;Matt Grzelcyk;D;BOS;61;3;12;15;21;22
24;Colton Parayko;D;STL;82;6;29;35;-7;13
23;Brendan Leipsic;LW;VGK, VAN;58;5;17;22;-4;14
23;Oskar Sundqvist;C;STL;42;1;4;5;-5;14
32;Brad Richardson;C;ARI;76;3;12;15;-24;45
23;Esa Lindell;D;DAL;80;7;20;27;19;24
32;Marc Methot;D;DAL;36;1;2;3;11;31
23;Chandler Stephenson;C;WSH;67;6;12;18;13;8
24;Shayne Gostisbehere;D;PHI;78;13;52;65;10;25
23;Devin Shore;C;DAL;82;11;21;32;-30;14
23;Jujhar Khaira;LW;EDM;69;11;10;21;-7;47
23;Adam Pelech;D;NYI;78;3;16;19;7;28
24;Jimmy Vesey;LW;NYR;79;17;11;28;-18;20
33;Nate Thompson;C;OTT, LAK;69;5;12;17;-1;20
25;Jordan Martinook;LW;ARI;81;6;9;15;-24;45
24;Boo Nieves;C;NYR;28;1;8;9;6;12
23;Damon Severson;D;NJD;76;9;15;24;-8;42
24;Martin Frk;RW;DET;68;11;14;25;-14;14
24;Colton Sissons;C;NSH;81;9;18;27;2;42
24;Jake McCabe;D;BUF;53;3;9;12;-11;26
28;Mike Hoffman;LW;OTT;82;22;34;56;-20;32
23;Brock McGinn;LW;CAR;80;16;14;30;-12;22
25;Micheal Ferland;LW;CGY;77;21;20;41;5;24
33;Joe Pavelski;C;SJS;82;22;44;66;0;41
23;Connor Carrick;D;TOR;47;4;8;12;5;27
33;Kyle Brodziak;C;STL;81;10;23;33;13;33
23;Charles Hudon;LW;MTL;72;10;20;30;-12;38
23;Dominic Toninato;C;COL;37;0;2;2;0;12
23;Trevor Carrick;D;CAR;1;0;0;0;0;2
23;Taylor Leier;LW;PHI;39;1;4;5;-7;6
23;Jaccob Slavin;D;CAR;82;8;22;30;1;10
23;Andreas Athanasiou;LW;DET;71;16;17;33;-15;16
38;Patrick Marleau;LW/C;TOR;82;27;20;47;1;16
23;Gemel Smith;C;DAL;46;6;5;11;5;17
24;Brett Kulak;D;CGY;71;2;6;8;-3;27
23;Jake Guentzel;C;PIT;82;22;26;48;-9;42
24;Kevin Roy;LW;ANA;25;6;1;7;3;6
33;Toby Enstrom;D;WPG;43;1;5;6;8;20
24;Cedric Paquette;C;TBL;56;5;4;9;-5;41
32;Dustin Byfuglien;D;WPG;69;8;37;45;15;112
25;Erik Gustafsson;D;CHI;35;5;11;16;1;6
32;Carl Soderberg;C;COL;77;16;21;37;0;26
24;Daniel O'Regan;C;SJS, BUF;21;0;4;4;-2;2
25;Paul Ladue;D;LAK;12;3;1;4;5;6
31;Ryan Reaves;RW;PIT, VGK;79;4;6;10;-7;94
23;Vinnie Hinostroza;LW;CHI;50;7;18;25;5;10
34;Matt Moulson;LW;BUF;14;0;0;0;-9;2
34;Tanner Glass;LW;CGY;16;0;0;0;-4;19
21;Jared McCann;C;FLA;68;9;19;28;11;30
35;Antoine Vermette;C;ANA;64;8;8;16;-5;34
33;David Booth;LW;DET;28;4;1;5;-5;10
23;Christoph Bertschy;C;MIN;1;0;0;0;1;4
23;Jake Dotchin;D;TBL;48;3;8;11;17;38
23;Joseph Blandisi;LW/C;ANA;3;0;0;0;2;2
24;Connor Brown;RW;TOR;82;14;14;28;0;18
24;Ben Hutton;D;VAN;61;0;6;6;-9;23
23;Alexander Kerfoot;C;COL;79;19;24;43;-7;28
24;Sven Andrighetto;RW;COL;50;8;14;22;-15;10
29;Steven Kampfer;D;NYR;22;0;1;1;-7;20
33;Jonathan Ericsson;D;DET;81;3;10;13;-7;47
25;Jaycob Megna;D;ANA;14;0;1;1;-4;2
24;Adam Lowry;C;WPG;45;8;13;21;9;8
23;Christian Djoos;D;WSH;63;3;11;14;13;10
24;Joakim Ryan;D;SJS;62;3;9;12;13;8
31;Brandon Dubinsky;C;CBJ;62;6;10;16;-2;33
41;Matt Cullen;C;MIN;79;11;11;22;-1;20
24;Nicolas Kerdiles;LW;ANA;2;0;0;0;0;0
24;Steven Fogarty;C;NYR;1;0;0;0;0;2
23;Liam O'Brien;C;WSH;3;0;0;0;0;5
24;Keegan Lowe;D;EDM;2;0;0;0;-1;0
23;Kurtis MacDermid;D;LAK;34;1;3;4;-4;57
22;Victor Ejdsell;C;CHI;6;0;1;1;-1;0
26;Blake Coleman;C;NJD;79;13;12;25;7;50
23;Ashton Sautner;D;VAN;5;0;2;2;4;2
26;Logan Shaw;RW;ANA, MTL;72;4;10;14;-6;12
33;Alex Steen;LW;STL;76;15;31;46;-11;20
23;Calle Rosen;D;TOR;4;0;1;1;-3;4
20;Ethan Bear;D;EDM;18;1;3;4;-11;10
34;Mark Giordano;D;CGY;82;13;25;38;0;63
28;Mark Borowiecki;D;OTT;52;3;8;11;-6;64
31;Andrej Sekera;D;EDM;36;0;8;8;-15;6
20;Noah Juulsen;D;MTL;23;1;2;3;1;4
27;Jayson Megna;C;VAN;1;0;0;0;0;0
27;Marco Scandella;D;BUF;82;5;17;22;-15;37
37;Daniel Sedin;LW;VAN;81;23;32;55;-21;40
37;Henrik Sedin;C;VAN;82;3;47;50;-22;30
31;Tyler Bozak;C;TOR;81;11;32;43;6;28
24;Josh Leivo;LW;TOR;16;1;3;4;0;6
21;Andrew Mangiapane;LW;CGY;10;0;0;0;-3;2
26;Tanner Fritz;C;NYI;34;3;4;7;-3;8
31;David Desharnais;C;NYR;71;6;22;28;-22;18
20;Anthony Beauvillier;LW/C;NYI;71;21;15;36;2;16
32;Brent Burns;D;SJS;82;12;55;67;-16;46
34;Johnny Boychuk;D;NYI;58;6;12;18;-8;30
27;Jordan Schroeder;LW;CBJ;21;1;1;2;-4;4
27;Marcus Johansson;LW;NJD;29;5;9;14;-11;14
26;Kyle Palmieri;RW;NJD;62;24;20;44;-1;30
25;Nick Lappin;RW;NJD;6;1;0;1;2;4
26;Landon Ferraro;C;MIN;2;1;0;1;1;0
26;Ryan O'Reilly;C;BUF;81;24;37;61;-23;2
33;Josh Gorges;D;BUF;34;0;2;2;-4;17
27;Kyle Clifford;LW;LAK;50;6;4;10;-4;48
27;Alex Chiasson;RW;WSH;61;9;9;18;1;26
27;Jakob Silfverberg;RW;ANA;77;17;23;40;6;18
27;Tim Schaller;C;BOS;82;12;10;22;-5;42
27;John Tavares;C;NYI;82;37;47;84;-12;26
27;Danny DeKeyser;D;DET;65;6;6;12;2;28
35;Marian Gaborik;RW;LAK, OTT;46;11;10;21;2;24
26;Evander Kane;LW;BUF, SJS;78;29;25;54;-9;82
26;Brayden Schenn;C;STL;82;28;42;70;10;56
28;Cam Atkinson;RW;CBJ;65;24;22;46;19;14
25;Casey Nelson;D;BUF;37;3;5;8;-14;8
26;Magnus Paajarvi;LW;STL, OTT;79;8;4;12;-11;12
27;Ryan Ellis;D;NSH;44;9;23;32;26;6
26;Calvin de Haan;D;NYI;33;1;11;12;11;8
27;Zack Kassian;RW;EDM;74;7;12;19;-8;92
22;Peter Cehlarik;LW;BOS;6;1;1;2;2;2
22;Kevin Labanc;RW;SJS;77;11;29;40;-6;32
26;Nick Leddy;D;NYI;80;10;32;42;-42;20
32;Corey Perry;RW;ANA;71;17;32;49;-4;71
26;Chris Kreider;LW;NYR;58;16;21;37;-2;44
26;Jacob Josefson;C;BUF;39;2;2;4;-4;6
27;John Moore;D;NJD;81;7;11;18;3;47
27;Brayden McNabb;D;VGK;76;5;10;15;26;52
26;Reilly Smith;RW;VGK;67;22;38;60;31;24
28;Carter Rowney;RW;PIT;44;2;3;5;-13;4
27;Tomas Tatar;LW;DET, VGK;82;20;14;34;-19;34
24;Kalle Kossila;LW/C;ANA;10;1;1;2;-4;0
24;Kevin Rooney;C;NJD;1;0;0;0;0;0
27;Chad Ruhwedel;D;PIT;44;2;3;5;-8;16
26;Brandon Tanev;LW;WPG;61;8;10;18;13;18
26;Dmitry Orlov;D;WSH;82;10;21;31;10;22
29;Paul Carey;C;NYR;60;7;7;14;-13;20
26;Brandon Pirri;RW/C;VGK;2;3;0;3;3;0
26;Brian Dumoulin;D;PIT;80;5;13;18;-5;30
26;Richard Panik;RW;CHI, ARI;72;14;21;35;7;38
27;Luke Witkowski;RW;DET;31;1;3;4;-1;68
20;Matthew Tkachuk;LW;CGY;68;24;25;49;-1;61
26;Marcus Foligno;LW;MIN;77;8;15;23;2;72
20;Auston Matthews;C;TOR;62;34;29;63;25;12
27;Matt Duchene;C;COL, OTT;82;27;32;59;-22;18
26;Jordan Szwarz;RW;BOS;12;0;3;3;-4;2
28;Craig Smith;RW;NSH;79;25;26;51;20;24
28;Chris Wideman;D;OTT;16;3;5;8;5;6
20;Charlie McAvoy;D;BOS;63;7;25;32;20;53
26;Casey Cizikas;C;NYI;64;7;10;17;-12;23
27;David Savard;D;CBJ;81;4;12;16;2;32
26;Nicolas Deslauriers;LW;MTL;58;10;4;14;7;55
26;Cody Eakin;C;VGK;80;11;16;27;-6;22
20;Alex DeBrincat;RW;CHI;82;28;24;52;6;6
29;Michael Raffl;LW;PHI;76;13;9;22;9;28
19;Patrik Laine;RW;WPG;82;44;26;70;8;24
27;Kevin Connauton;D;ARI;73;11;10;21;3;20
19;Clayton Keller;LW/C;ARI;82;23;42;65;-7;24
19;Jesse Puljujarvi;RW;EDM;65;12;8;20;-1;14
40;Zdeno Chara;D;BOS;73;7;17;24;22;60
27;Gabriel Dumont;C;TBL, OTT;30;1;1;2;1;6
25;Justin Faulk;D;CAR;76;8;23;31;-26;48
27;Wade Megan;C;STL;1;0;0;0;0;0
27;Gabriel Bourque;LW;COL;58;5;6;11;-6;12
19;Logan Brown;C;OTT;4;0;1;1;0;0
22;Anton Blidh;LW;BOS;1;0;0;0;0;0
19;Tyson Jost;C;COL;65;12;10;22;-10;26
19;Janne Kuokkanen;C;CAR;4;0;0;0;-3;0
26;Byron Froese;C;MTL;48;3;8;11;0;26
26;Ben Chiarot;D;WPG;57;2;12;14;15;32
19;Victor Mete;D;MTL;49;0;7;7;5;4
24;Markus Granlund;C;VAN;53;8;4;12;-10;8
26;Erik Haula;LW;VGK;76;29;26;55;-16;37
24;John Gilmour;D;NYR;28;2;3;5;-11;14
31;Evgeni Malkin;C;PIT;78;42;56;98;16;87
25;Austin Czarnik;C;BOS;10;0;4;4;-1;0
24;MacKenzie Weegar;D;FLA;60;2;6;8;5;32
19;Samuel Girard;D;NSH, COL;73;4;19;23;-11;8
19;Pierre-Luc Dubois;LW/C;CBJ;82;20;28;48;8;49
22;Tyler Motte;LW/C;CBJ, VAN;46;5;2;7;-4;6
23;Will Butcher;D;NJD;81;5;39;44;1;8
20;Henrik Borgstr”m;C;FLA;4;1;0;1;-1;0
26;Joel Hanley;D;ARI;5;0;0;0;0;0
32;Alex Ovechkin;LW;WSH;82;49;38;87;3;32
19;Jesper Bratt;LW;NJD;74;13;22;35;-16;18
32;Andrew Ladd;LW;NYI;73;12;17;29;11;24
31;Blake Wheeler;RW;WPG;81;23;68;91;13;52
36;Dennis Seidenberg;D;NYI;28;0;5;5;-9;17
23;Carson Soucy;D;MIN;3;0;0;0;-2;2
32;Drew Stafford;RW;NJD;59;8;7;15;-20;10
27;Darren Archibald;RW;VAN;27;4;5;9;-1;14
27;Nick Jensen;D;DET;81;0;15;15;-8;27
28;Jordan Nolan;LW/C;BUF;69;4;4;8;-13;69
26;Vladimir Tarasenko;RW;STL;80;33;33;66;15;17
26;Ben Sexton;C;OTT;2;0;0;0;-1;0
32;Travis Zajac;C;NJD;63;12;14;26;-8;25
24;Jonny Brodzinski;C;LAK;35;4;2;6;4;6
32;Mike Green;D;DET;66;8;25;33;-14;38
21;Jake Debrusk;LW;BOS;70;16;27;43;13;19
27;Nic Dowd;C;LAK, VAN;56;3;1;4;-10;28
22;Hudson Fasching;RW;BUF;5;0;0;0;-1;2
23;Troy Stecher;D;VAN;68;1;10;11;-7;35
24;Tyrell Goulbourne;LW;PHI;9;0;0;0;-2;2
22;John Hayden;RW;CHI;47;4;9;13;-4;54
22;Pavel Buchnevich;RW;NYR;74;14;29;43;-3;20
31;Blake Comeau;LW;COL;79;13;21;34;5;50
25;Mattias Janmark;C;DAL;81;19;15;34;-13;24
22;Anthony Duclair;LW;ARI, CHI;56;11;12;23;-5;16
26;Nikita Zaitsev;D;TOR;60;5;8;13;8;31
34;Lee Stempniak;RW;CAR;37;3;6;9;-8;4
27;Brandon Manning;D;PHI;65;7;12;19;0;56
23;Anton Slepyshev;LW;EDM;50;6;6;12;-4;8
22;Oliver Bjorkstrand;RW;CBJ;82;11;29;40;4;9
23;Drake Caggiula;LW;EDM;67;13;7;20;-13;37
32;Alex Goligoski;D;ARI;78;12;23;35;-31;26
31;David Krejci;C;BOS;64;17;27;44;10;18
22;Miles Wood;LW;NJD;76;19;13;32;-6;84
22;Nick Paul;LW;OTT;11;1;0;1;-4;0
23;Justin Auger;RW;LAK;2;0;0;0;-1;0
23;Andrew Copp;C;WPG;82;9;19;28;17;14
23;Ben Harpur;D;OTT;41;0;1;1;-21;21
27;Michal Kempny;D;CHI, WSH;53;3;7;10;14;26
28;Yohann Auvitu;D;EDM;33;3;6;9;4;8
24;Ryan Strome;RW/C;EDM;82;13;21;34;-4;33
31;Alexei Emelin;D;NSH;76;1;8;9;9;40
22;Andre Burakovsky;LW;WSH;56;12;13;25;3;27
22;Michael McCarron;RW;MTL;18;0;1;1;-1;32
31;Alexander Edler;D;VAN;70;6;28;34;-18;68
23;Marko Dano;C;WPG;23;2;1;3;-2;6
22;Morgan Klimchuk;LW;CGY;1;0;0;0;0;0
22;Jason Dickinson;C;DAL;27;0;2;2;-2;17
23;Ryan Hartman;LW/RW;CHI, NSH;78;11;20;31;1;72
22;Ian McCoshen;D;FLA;38;3;1;4;-10;25
22;Chris Bigras;D;COL;15;0;1;1;-2;2
22;Adam Erne;LW;TBL;23;3;1;4;-1;11
22;Jacob de La Rose;LW;MTL;55;4;8;12;-2;29
22;J.T. Compher;LW;COL;69;13;10;23;-29;20
22;Valentin Zykov;LW;CAR;10;3;4;7;4;2
22;Laurent Dauphin;C;ARI;2;0;0;0;-1;2
22;Remi Elie;LW;DAL;72;6;8;14;5;18
22;Robert Hagg;D;PHI;70;3;6;9;5;32
22;Steven Santini;D;NJD;36;2;8;10;0;21
22;Nic Petan;LW;WPG;15;2;0;2;0;6
23;Gustav Olofsson;D;MIN;41;0;8;8;0;14
22;Dillon Heatherington;D;DAL;6;0;1;1;3;26
23;Carl Dahlstrom;D;CHI;11;0;3;3;-2;0
22;Justin Bailey;RW;BUF;12;3;1;4;-2;2
22;Madison Bowey;D;WSH;51;0;12;12;-3;24
22;Artturi Lehkonen;LW;MTL;66;12;9;21;-11;20
31;Marc Staal;D;NYR;72;1;7;8;11;18
23;William Carrier;LW;VGK;37;1;2;3;-3;19
22;Tyler Bertuzzi;LW;DET;48;7;17;24;-7;39
33;Torrey Mitchell;C;MTL, LAK;60;6;5;11;-5;30
32;Ryan Callahan;RW;TBL;67;5;13;18;-4;29
28;Mike Liambas;LW;ANA;7;0;1;1;0;21
23;Brett Pesce;D;CAR;65;3;16;19;-6;18
31;Kris Versteeg;RW;CGY;24;3;5;8;-8;6
22;Nicholas Baptiste;RW;BUF;33;4;2;6;-4;14
22;Nathan MacKinnon;C;COL;74;39;58;97;11;55
22;Aleksander Barkov;C;FLA;79;27;51;78;9;14
22;Jonathan Drouin;LW/C;MTL;77;13;33;46;-28;30
23;Seth Jones;D;CBJ;78;16;41;57;10;30
23;Elias Lindholm;C;CAR;81;16;28;44;-8;18
23;Sean Monahan;C;CGY;74;31;33;64;3;24
22;Darnell Nurse;D;EDM;82;6;20;26;15;67
23;Rasmus Ristolainen;D;BUF;73;6;35;41;-25;48
22;Bo Horvat;C;VAN;64;22;22;44;-1;10
22;Samuel Morin;D;PHI;2;0;0;0;1;4
22;Max Domi;LW;ARI;82;9;36;45;-7;73
22;Josh Morrissey;D;WPG;81;7;19;26;15;47
23;Alexander Wennberg;C;CBJ;66;8;27;35;22;12
23;Ryan Pulock;D;NYI;68;10;22;32;-4;14
22;Nikita Zadorov;D;COL;77;7;13;20;4;103
22;Curtis Lazar;RW/C;CGY;65;2;10;12;-8;23
22;Mirco Mueller;D;NJD;28;0;4;4;1;4
27;Radko Gudas;D;PHI;70;2;14;16;0;83
23;Anthony Mantha;RW;DET;80;24;24;48;-1;52
22;Frederik Gauthier;C;TOR;9;1;0;1;-4;0
29;Brad Marchand;LW;BOS;68;34;51;85;25;63
30;Nick Foligno;LW;CBJ;72;15;18;33;1;50
23;Jean-Sebastien Dea;C;PIT;5;1;0;1;1;2
23;Ross Johnston;LW;NYI;24;3;3;6;0;62
31;Derek Dorsett;RW;VAN;20;7;2;9;-1;74
23;Colby Cave;C;BOS;3;0;0;0;0;2
26;Taylor Hall;LW;NJD;76;39;54;93;14;34
21;Dylan Gambrell;C;SJS;3;0;0;0;-1;0
29;Will O'Neill;D;PHI;1;0;0;0;0;0
24;Dakota Mermis;D;ARI;9;0;0;0;-2;0
29;Erik Johnson;D;COL;62;9;16;25;3;58
29;Kyle Okposo;RW;BUF;76;15;29;44;-34;40
22;Blake Hillman;D;CHI;4;1;0;1;-1;0
31;Trevor Lewis;C;LAK;68;14;12;26;-6;25
23;Josh Anderson;RW;CBJ;63;19;11;30;-1;42
30;Andrew Cogliano;LW;ANA;80;12;23;35;18;41
31;Leo Komarov;C;TOR;74;7;12;19;0;31
29;Jamie McGinn;LW;FLA;76;13;16;29;-5;33
27;Brenden Dillon;D;SJS;81;5;17;22;-7;60
29;Eric Gryba;D;EDM;21;0;2;2;4;31
21;Giovanni Fiore;LW;ANA;1;0;0;0;-1;0
29;Milan Lucic;LW;EDM;82;10;24;34;-12;80
32;Troy Brouwer;RW;CGY;76;6;16;22;-7;53
25;Mikael Granlund;RW;MIN;77;21;46;67;13;18
18;Eeli Tolvanen;RW;NSH;3;0;0;0;0;0
23;Maxim Mamin;LW/C;FLA;26;3;1;4;2;7
32;Matt Hunwick;D;PIT;42;4;6;10;-4;21
30;Chris Stewart;RW;MIN, CGY;54;10;6;16;-5;27
24;Curtis Valk;LW/C;FLA;1;0;0;0;0;0
29;Matt Beleskey;LW;BOS, NYR;15;0;0;0;-9;21
27;Josh Jooris;RW;CAR, PIT;40;3;3;6;-7;16
30;Bryan Little;C;WPG;82;16;27;43;2;28
23;Ryan Lomberg;LW;CGY;7;0;1;1;0;15
21;Adam Gaudette;C;VAN;5;0;0;0;2;0
30;Cal Clutterbuck;RW;NYI;76;8;10;18;-7;53
27;Dmitry Kulikov;D;WPG;62;3;8;11;6;22
30;Vadim Shipachyov;LW/C;VGK;3;1;0;1;3;2
30;James Neal;LW;VGK;71;25;19;44;-11;24
23;Kerby Rychel;LW;MTL;4;1;1;2;-2;2
30;Claude Giroux;C;PHI;82;34;68;102;28;20
37;Mike Fisher;C;NSH;16;2;2;4;0;8
29;Alex Biega;D;VAN;44;1;8;9;3;32
32;Daniel Winnik;LW;MIN;81;6;17;23;5;27
29;Jordan Staal;C;CAR;79;19;27;46;-4;26
31;Matt Niskanen;D;WSH;68;7;22;29;24;36
27;Peter Holland;C;NYR;23;1;3;4;-10;7
32;Adam Cracknell;RW;DAL, NYR;5;0;0;0;-1;0
26;Tyler Seguin;C;DAL;82;40;38;78;12;43
37;Francois Beauchemin;D;ANA;67;3;14;17;12;26
30;Michael Grabner;RW;NYR, NJD;80;27;9;36;11;16
39;Brian Gionta;RW;BOS;20;2;5;7;-1;2
30;Phil Kessel;RW;PIT;82;34;58;92;-4;36
34;Jason Spezza;C;DAL;78;8;18;26;-12;12
31;Jannik Hansen;RW;SJS;46;2;12;14;2;15
34;Mikko Koivu;C;MIN;82;14;31;45;9;46
29;Korbinian Holzer;D;ANA;16;0;0;0;-3;6
35;Dan Hamhuis;D;DAL;80;3;21;24;-6;33
34;Ales Hemsky;RW;MTL;7;0;0;0;-1;10
30;Nicklas Backstrom;C;WSH;81;21;50;71;5;46
29;Michael Frolik;RW;CGY;70;10;15;25;-19;26
31;Nate Prosser;D;STL, MIN;57;3;6;9;8;19
29;Artem Anisimov;C;CHI;72;20;11;31;-17;22
29;Shawn Matthias;LW;WPG;27;1;2;3;-1;10
30;Matt Irwin;D;NSH;50;2;6;8;2;8
31;Nikolai Kulemin;LW;NYI;13;1;2;3;0;0
31;Andrew MacDonald;D;PHI;66;6;15;21;8;30
19;Mikhail Sergachev;D;TBL;79;9;31;40;11;38
35;Mike Cammalleri;LW;LAK, EDM;66;7;22;29;-3;18
34;Chris Thorburn;RW;STL;50;1;6;7;-4;60
18;Filip Chytil;C;NYR;9;1;2;3;-5;4
35;Jason Pominville;RW;BUF;82;16;18;34;-17;8
29;Jonathan Toews;C;CHI;74;20;32;52;-1;47
26;Artemi Panarin;LW;CBJ;81;27;55;82;23;26
30;Kris Letang;D;PIT;79;9;42;51;-9;56
25;Victor Antipin;D;BUF;47;0;10;10;-9;18
35;Tomas Plekanec;C;MTL, TOR;77;6;20;26;1;45
30;Mathieu Perreault;C;WPG;70;17;22;39;4;38
27;Dalton Prout;D;NJD;4;0;0;0;-2;13
31;Alexander Radulov;RW;DAL;82;27;45;72;4;72
30;Kris Russell;D;EDM;78;4;17;21;-7;8
36;Patrick Sharp;LW;CHI;70;10;11;21;-16;14
28;Chris Tanev;D;VAN;42;2;9;11;7;8
30;Mats Zuccarello;RW;NYR;80;16;37;53;-10;36
25;Vladislav Namestnikov;C;TBL, NYR;81;22;26;48;6;45
31;Roman Polak;D;TOR;54;2;10;12;5;46
26;Calle Jarnkrok;C;NSH;68;16;19;35;20;12
26;Oscar Lindberg;C;VGK;63;9;2;11;-11;14
25;Martin Marincin;D;TOR;2;0;0;0;-2;2
26;Justin Holl;D;TOR;2;2;0;2;5;0
30;David Schlemko;D;MTL;37;1;4;5;3;6
26;Jason Zucker;LW;MIN;82;33;31;64;8;44
25;Tyler Toffoli;C;LAK;82;24;23;47;9;16
26;Ryan Spooner;C;BOS, NYR;59;13;28;41;6;4
25;Johan Larsson;C;BUF;80;4;13;17;-30;49
26;Mark Alt;D;PHI, COL;15;0;0;0;-1;2
25;Stephen Johns;D;DAL;75;8;7;15;10;41
25;Greg McKegg;C;PIT;26;2;2;4;-4;8
25;Connor Brickley;LW/C;FLA;44;4;8;12;-6;19
25;Jordan Weal;C;PHI;69;8;13;21;-10;12
25;Michael Bournival;LW;TBL;5;0;0;0;0;0
23;Markus Nutivaara;D;CBJ;61;7;16;23;13;14
36;Kevin Bieksa;D;ANA;59;0;8;8;-13;83
25;Evgeny Kuznetsov;C;WSH;79;27;56;83;3;48
25;Charlie Coyle;C;MIN;66;11;26;37;8;18
25;Patrik Nemeth;D;COL;68;3;12;15;27;41
25;Jonathon Merrill;D;VGK;34;1;2;3;7;22
26;Tyler Pitlick;C;DAL;80;14;13;27;9;34
33;Cody McLeod;LW;NSH, NYR;48;1;3;4;-11;111
26;Brock Nelson;LW/C;NYI;82;19;16;35;-4;43
25;Alexander Petrovic;D;FLA;67;2;11;13;-2;98
25;Devante Smith-Pelly;RW;WSH;75;7;9;16;-6;38
31;Mike Blunden;RW;OTT;1;0;0;0;0;0
25;Nick Bjugstad;C;FLA;82;19;29;48;5;41
26;Beau Bennett;RW;STL;6;0;0;0;-2;0
25;Derek Forbort;D;LAK;78;1;17;18;18;49
25;Kevin Hayes;RW/C;NYR;76;25;19;44;1;18
26;Cam Fowler;D;ANA;67;8;24;32;3;28
32;Paul Stastny;C;STL, WPG;82;16;37;53;1;18
26;Austin Watson;LW;NSH;76;14;5;19;2;123
25;Jaden Schwartz;LW;STL;62;24;35;59;15;26
30;Sidney Crosby;C;PIT;82;29;60;89;0;46
26;Riley Sheahan;C;DET, PIT;81;11;21;32;4;8
31;Jack Johnson;D;CBJ;77;3;8;11;-6;22
31;Benoit Pouliot;LW;BUF;74;13;6;19;-8;22
27;Andrej Sustr;D;TBL;44;2;5;7;-5;18
26;Chris Wagner;C/RW;ANA, NYI;79;7;9;16;-10;37
30;Anze Kopitar;C;LAK;82;35;57;92;21;20
34;Jussi Jokinen;LW;EDM, LAK, CBJ, VAN;60;5;12;17;2;12
34;Brooks Laich;C;LAK;12;0;1;1;-5;6
25;Jeff Skinner;LW;CAR;82;24;25;49;-27;34
25;Zach Hyman;C;TOR;82;15;25;40;22;37
30;Martin Hanzal;C;DAL;38;5;5;10;-14;23
26;Alexander Burmistrov;C;VAN;24;2;4;6;-5;12
35;Deryk Engelland;D;VGK;79;5;18;23;6;24
26;Erik Gudbranson;D;VAN;52;2;3;5;-7;35
25;Conor Sheary;LW;PIT;79;18;12;30;2;10
25;Brett Connolly;RW;WSH;70;15;12;27;-6;30
25;Ryan Johansen;C;NSH;79;15;39;54;13;78
31;T.J. Oshie;RW;WSH;74;18;29;47;2;31
23;Brendan Gaunce;LW/C;VAN;37;4;2;6;0;10
26;Mark Pysyk;D;FLA;82;3;13;16;-8;20
26;Trevor van Riemsdyk;D;CAR;79;3;13;16;9;20
27;Ryan Carpenter;C;SJS, VGK;52;9;6;15;1;11
25;Nino Niederreiter;RW;MIN;63;18;14;32;14;36
26;Christian Folin;D;LAK;65;3;10;13;1;30
25;Jordan Oesterle;D;CHI;55;5;10;15;-11;8
30;Marc-Edouard Vlasic;D;SJS;81;11;21;32;9;34
30;Taylor Chorney;D;WSH, CBJ;25;1;3;4;10;8
25;Joakim Nordstrom;LW;CAR;75;2;5;7;-11;6
25;Michael Chaput;C;VAN;9;0;0;0;-4;5
36;Johnny Oduya;D;OTT, PHI;52;4;4;8;1;32
25;Bryan Rust;RW;PIT;69;13;25;38;11;26
30;Justin Abdelkader;LW;DET;75;13;22;35;-11;78
31;Adam McQuaid;D;BOS;38;1;3;4;-1;62
25;Joonas Donskoi;RW;SJS;66;14;18;32;10;26
25;Brendan Gallagher;RW;MTL;82;31;23;54;-13;34
31;Keith Yandle;D;FLA;82;8;48;56;7;35
26;Tom Kuhnhackl;RW;PIT;69;2;6;8;-6;6
25;Marcus Sorensen;LW;SJS;32;5;2;7;-5;5
33;Valtteri Filppula;C;PHI;81;11;22;33;-7;20
30;Cody Franson;D;CHI;23;1;6;7;-1;8
30;Vladimir Sobotka;LW;STL;81;11;20;31;-6;50
27;Tim Heed;D;SJS;29;3;8;11;0;8
25;Kenny Agostino;LW;BOS;5;0;1;1;-1;4
28;Robert Bortuzzo;D;STL;72;4;9;13;11;41
23;Zach Aston-Reese;C;PIT;16;4;2;6;2;2
26;Daniel Carr;LW;MTL;38;6;10;16;2;8
26;Jesper Fast;RW;NYR;71;13;20;33;-10;26
31;Chris Butler;D;STL;6;0;0;0;1;2
26;Oliver Ekman-Larsson;D;ARI;82;14;28;42;-28;44
31;Jared Boll;RW;ANA;10;1;0;1;0;16
30;Tom Pyatt;LW;OTT;81;7;15;22;-12;10
30;Niklas Hjalmarsson;D;ARI;48;1;8;9;-3;18
26;Garnet Hathaway;RW;CGY;59;4;9;13;3;88
27;Anthony Bitetto;D;NSH;32;1;2;3;-1;27
26;Brandon Davidson;D;MTL, EDM, NYI;51;4;3;7;-13;23
24;Frederick Gaudreau;C;NSH;20;0;3;3;0;2
22;Vinni Lettieri;C;NYR;19;1;4;5;-12;0
45;Jaromir Jagr;RW;CGY;22;1;6;7;6;10
27;Melker Karlsson;C;SJS;71;8;11;19;-5;26
26;Freddie Hamilton;C;CGY, ARI;16;0;1;1;0;2
25;Kevin Gravel;D;LAK;16;0;3;3;-3;2
19;Kailer Yamamoto;RW;EDM;9;0;3;3;-2;2
32;Pierre-Edouard Bellemare;LW;VGK;72;6;10;16;5;14
25;Tomas Nosek;LW;VGK;67;7;8;15;6;14
21;Aaron Ekblad;D;FLA;82;16;22;38;9;71
22;Sam Reinhart;C;BUF;82;25;25;50;-24;26
22;Leon Draisaitl;C;EDM;78;25;45;70;-7;30
21;Sam Bennett;C;CGY;82;11;15;26;-18;59
21;Michael Dal Colle;LW;NYI;4;0;0;0;0;0
21;Jake Virtanen;RW;VAN;75;10;10;20;-11;46
21;Haydn Fleury;D;CAR;67;0;8;8;-2;14
21;William Nylander;C;TOR;82;20;41;61;20;10
21;Nikolaj Ehlers;LW;WPG;82;29;31;60;14;26
22;Nick Ritchie;LW;ANA;76;10;17;27;3;72
21;Kevin Fiala;LW;NSH;80;23;25;48;20;26
21;Brendan Perlini;LW;ARI;74;17;13;30;-2;28
21;Jakub Vrana;LW;WSH;73;13;14;27;2;12
22;Julius Honka;D;DAL;42;1;3;4;-1;14
21;Dylan Larkin;C;DET;82;16;47;63;-9;61
21;Sonny Milano;LW;CBJ;55;14;8;22;-8;10
30;Nathan Gerbe;LW/C;CBJ;2;0;0;0;-1;0
21;Alex Tuch;RW;VGK;78;15;22;37;3;27
27;Zach Trotman;D;PIT;3;0;0;0;-3;0
19;Casey Mittelstadt;C;BUF;6;1;4;5;1;2
21;Kasperi Kapanen;RW;TOR;38;7;2;9;-1;4
25;John Klingberg;D;DAL;82;8;59;67;10;26
31;Cal O'Reilly;C;MIN;1;0;0;0;0;0
21;David Pastrnak;RW;BOS;82;35;45;80;10;37
22;Nikita Scherbak;RW;MTL;26;4;2;6;-5;8
22;Nikolay Goldobin;RW;VAN;38;8;6;14;-14;6
22;Joshua Ho-Sang;RW;NYI;22;2;10;12;-7;2
21;Adrian Kempe;LW;LAK;81;16;21;37;11;49
21;John Quenneville;C;NJD;2;0;0;0;-3;0
21;Brendan Lemieux;LW;WPG;9;1;0;1;2;21
22;Ivan Barbashev;C;STL;53;7;6;13;-1;4
18;Owen Tippett;RW;FLA;7;1;0;1;-6;0
21;Marcus Pettersson;D;ANA;22;1;3;4;5;6
22;Andreas Englund;D;OTT;1;0;0;0;1;0
21;Vladislav Kamenev;C;COL;3;0;0;0;-2;0
22;Roland McKeown;D;CAR;10;0;3;3;3;19
23;Nathan Walker;LW;WSH, EDM;9;1;0;1;0;6
23;Brandon Montour;D;ANA;80;9;23;32;16;42
21;Ryan Donato;C;BOS;12;5;4;9;2;2
21;Christian Dvorak;C;ARI;78;15;22;37;-19;22
19;Martin Necas;C;CAR;1;0;0;0;0;0
21;Dominic Turgeon;C;DET;5;0;0;0;-2;2
26;Marek Hrivik;LW;CGY;3;0;0;0;1;0
21;Warren Foegele;LW;CAR;2;2;1;3;3;0
22;Brett Lernout;D;MTL;18;0;1;1;-5;6
32;Mark Letestu;C;EDM, CBJ;80;9;14;23;-17;10
21;Louis Belpedio;D;MIN;1;0;2;2;1;0
31;Anton Stralman;D;TBL;80;4;14;18;29;18
21;Michael Amadio;C;LAK;37;4;4;8;-2;8
28;Antoine Roussel;LW;DAL;73;5;12;17;1;126
19;Lias Andersson;C;NYR;7;1;1;2;1;0
22;Lucas Wallmark;C;CAR;11;1;0;1;-4;2
33;Ben Lovejoy;D;NJD;57;2;6;8;7;25
29;Erik Burgdoerfer;D;OTT;2;0;1;1;2;0
31;Patric Hornqvist;RW;PIT;70;29;20;49;2;58
24;Justin Kloos;C;MIN;1;0;0;0;0;2
24;Viktor Arvidsson;LW;NSH;78;29;32;61;20;36
22;Danton Heinen;C;BOS;77;16;31;47;10;16
19;Nolan Patrick;C;PHI;73;13;17;30;1;30
21;Gustav Forsling;D;CHI;41;3;10;13;-2;8
26;Tyson Barrie;D;COL;68;14;43;57;-15;22
24;Alex Iafallo;C;LAK;75;9;16;25;10;12
21;Oskar Lindblom;LW;PHI;23;2;4;6;4;8
25;Andrew Crescenzi;C;LAK;2;0;0;0;0;2
27;Dennis Rasmussen;C;ANA;27;1;3;4;4;8
23;Anton Lindholm;D;COL;48;0;4;4;4;14
21;Anders Bjork;LW;BOS;30;4;8;12;2;6
19;Alexander Nylander;RW;BUF;3;1;0;1;-3;0
28;Alex Killorn;LW;TBL;82;15;32;47;22;45
29;Karl Alzner;D;MTL;82;1;11;12;-7;40
29;Justin Falk;D;BUF;46;1;1;2;-16;28
28;Jamie Benn;LW;DAL;82;36;43;79;20;54
26;Jakub Jerabek;D;MTL, WSH;36;2;6;8;-2;6
23;David Kampf;C;CHI;46;4;7;11;-9;12
22;Neal Pionk;D;NYR;28;1;13;14;-1;12
26;Oscar Fantenberg;D;LAK;27;2;7;9;2;11
33;Dan Girardi;D;TBL;77;6;12;18;18;27
21;Samuel Blais;LW;STL;11;1;2;3;1;6
29;Nick Bonino;C;NSH;71;12;13;25;4;20
22;Dylan Sikura;RW;CHI;5;0;3;3;2;0
28;Ian Cole;D;PIT, CBJ;67;5;15;20;14;76
22;Andreas Borgman;D;TOR;48;3;8;11;4;28
28;Christopher Didomenico;LW;OTT;24;6;4;10;-4;8
26;Philip Holm;D;VAN;1;0;0;0;-2;0
23;Henrik Haapala;LW;FLA;5;0;1;1;0;0
29;Jim O'Brien;C;OTT;10;0;1;1;-1;0
30;Justin Braun;D;SJS;81;5;28;33;7;28
27;Jan Rutta;D;CHI;57;6;14;20;-1;24
31;Darren Helm;LW;DET;75;13;18;31;3;39
29;Kevin Shattenkirk;D;NYR;46;5;18;23;-14;44
22;Shea Theodore;D;VGK;61;6;23;29;5;14
25;Kyle Criscuolo;C;BUF;9;0;0;0;-4;4
29;Patrick Maroon;LW;EDM, NJD;74;17;26;43;1;73
22;Ondrej Kase;RW;ANA;66;20;18;38;18;14
28;James van Riemsdyk;LW;TOR;81;36;18;54;1;30
28;Paul Byron;LW;MTL;82;20;15;35;-4;23
28;Sam Gagner;C;VAN;74;10;21;31;-18;35
21;Matthew Highmore;LW/C;CHI;13;2;0;2;-4;0
28;Logan Couture;C;SJS;78;34;27;61;-2;18
28;P.K. Subban;D;NSH;82;16;43;59;18;82
23;Chris Tierney;C;SJS;82;17;23;40;0;8
28;Anthony Peluso;RW;WSH;2;0;0;0;0;4
28;Riley Nash;C;BOS;76;15;26;41;16;18
28;Thomas Hickey;D;NYI;69;5;20;25;20;24
30;Jeff Petry;D;MTL;82;12;30;42;-30;28
28;Kyle Turris;C;OTT, NSH;76;16;35;51;19;26
27;Brian Lashoff;D;DET;1;0;0;0;0;0
28;Paul Postma;D;BOS;14;0;1;1;-2;2
21;Sebastian Aho;D;NYI;22;1;3;4;-5;6
21;Joe Hicketts;D;DET;5;0;3;3;5;2
28;Brad Malone;C;EDM;7;0;0;0;0;6
28;Brendan Smith;D;NYR;44;1;7;8;2;69
28;Brandon Sutter;C;VAN;61;11;15;26;8;8
27;Mattias Ekholm;D;NSH;81;10;24;34;25;46
28;Colton Sceviour;RW/C;FLA;76;11;13;24;6;24
22;Anthony DeAngelo;D;NYR;32;0;8;8;-18;11
29;David Perron;LW;VGK;70;16;50;66;1;50
20;Luke Kunin;C;MIN;19;2;2;4;-3;13
21;Nick Schmaltz;LW/C;CHI;78;21;31;52;1;18
37;Chris Kelly;C;ANA;12;0;2;2;1;2
22;Dryden Hunt;LW;FLA;11;0;1;1;-5;2
26;Sami Vatanen;D;ANA, NJD;72;4;28;32;-7;40
29;Taylor Fedun;D;BUF;7;0;1;1;-1;2
31;Carl Gunnarsson;D;STL;63;5;4;9;15;22
31;Matt Read;RW;PHI;19;1;0;1;-2;2
29;Mario Kempe;RW;ARI;18;2;2;4;-1;4
29;Yannick Weber;D;NSH;47;2;3;5;2;16
33;Rick Nash;LW;NYR, BOS;71;21;13;34;-12;28
29;Patrick Kane;RW;CHI;82;27;49;76;-20;32
30;Kevan Miller;D;BOS;68;1;15;16;16;70
36;Derek MacKenzie;C;FLA;75;3;11;14;-9;31
28;Cory Conacher;LW/C;TBL;36;8;4;12;0;24
28;Evgeni Dadonov;RW;FLA;74;28;37;65;10;8
28;Mikael Backlund;C;CGY;82;14;31;45;-21;78
28;Ryan McDonagh;D;NYR, TBL;63;4;25;29;8;20
29;Max Pacioretty;LW;MTL;64;17;20;37;-16;30
29;Brian Gibbons;LW;NJD;59;12;14;26;10;20
28;Jakub Voracek;RW;PHI;82;20;65;85;10;50
28;Jake Muzzin;D;LAK;74;8;34;42;10;40
30;Alec Martinez;D;LAK;77;9;16;25;3;34
25;Mark Stone;RW;OTT;58;20;42;62;9;10
23;Jack Rodewald;RW;OTT;4;0;0;0;-1;2
29;Carl Hagelin;LW;PIT;81;10;21;31;8;28
23;Spencer Foo;RW;CGY;4;2;0;2;1;0
28;Lars Eller;C;WSH;81;18;20;38;-6;38
29;Wayne Simmonds;RW;PHI;75;24;22;46;-16;57
34;Scottie Upshall;RW;STL;63;7;12;19;-1;46
34;Trevor Daley;D;DET;77;9;7;16;-5;36
30;Nick Holden;D;NYR, BOS;73;4;13;17;-5;14
27;Nazem Kadri;C;TOR;80;32;23;55;2;42
20;Kyle Capobianco;D;ARI;1;0;0;0;-1;0
27;Victor Hedman;D;TBL;77;17;46;63;32;54
29;Jason Demers;D;ARI;69;6;14;20;-4;37
37;Henrik Zetterberg;LW/C;DET;82;11;45;56;1;14
29;Patrik Berglund;C;STL;57;17;9;26;-5;30
31;Micheal Haley;LW/C;FLA;75;3;6;9;-13;212
24;Alex Broadhurst;C;CBJ;2;0;0;0;0;2
24;Matthew Peca;C;TBL;10;2;3;5;6;0
33;Frans Nielsen;C;DET;79;16;17;33;1;14
26;Ondrej Palat;LW;TBL;56;11;24;35;16;6
25;Scott Wilson;C;PIT, DET, BUF;69;6;8;14;-20;8
34;Jay Bouwmeester;D;STL;35;2;5;7;5;16
29;Zack Smith;LW;OTT;68;5;14;19;-32;54
22;Trevor Murphy;D;ARI;8;1;2;3;5;0
24;Frank Corrado;D;PIT;5;0;0;0;-1;2
24;Rob O'Gara;D;BOS, NYR;30;0;3;3;-7;6
34;Matt Stajan;C;CGY;68;4;8;12;4;28
24;Lukas Sedlak;LW/C;CBJ;53;4;4;8;-3;21
26;Josh Manson;D;ANA;80;7;30;37;34;62
23;Danick Martel;LW;PHI;4;0;0;0;-1;0
23;Frank Vatrano;C;BOS, FLA;41;7;3;10;3;34
25;Chase Balisy;C;FLA;8;0;0;0;-2;0
25;Max McCormick;LW;OTT;30;3;2;5;-5;37
24;Nikita Soshnikov;RW;TOR, STL;15;1;1;2;-2;4
25;Josh Archibald;RW;PIT, ARI;42;5;6;11;-2;25
19;Jakob Chychrun;D;ARI;50;4;10;14;2;16
24;Travis Boyd;C;WSH;8;0;1;1;2;2
24;Dylan DeMelo;D;SJS;63;0;20;20;-1;34
18;Alex Formenton;LW;OTT;1;0;0;0;0;0
26;Iiro Pakarinen;RW;EDM;40;2;1;3;1;6
30;Derick Brassard;C;OTT, PIT;72;21;25;46;0;34
32;Jay Beagle;RW/C;WSH;79;7;15;22;3;16
24;Tomas Hyka;RW;VGK;10;1;2;3;2;0
24;Tyler Graovac;C;WSH;5;0;0;0;-3;2
24;Johnny Gaudreau;LW;CGY;80;24;60;84;2;26
21;Noah Hanifin;D;CAR;79;10;22;32;-20;21
22;Rinat Valiev;D;MTL;2;0;0;0;0;2
21;Kyle Connor;LW;WPG;76;31;26;57;8;16
36;Radim Vrbata;RW;FLA;42;5;9;14;-7;16
21;Colin White;C;OTT;21;2;4;6;1;8
20;Pavel Zacha;C;NJD;69;8;17;25;-3;30
21;Connor McDavid;C;EDM;82;41;67;108;20;26
21;Jack Eichel;C;BUF;67;25;39;64;-25;32
25;Tobias Rieder;RW/C;ARI, LAK;78;12;13;25;-12;6
21;Vince Dunn;D;STL;75;5;19;24;1;20
21;Travis Dermott;D;TOR;37;1;12;13;16;8
20;Jordan Greenway;LW;MIN;6;0;1;1;0;0
21;Timo Meier;RW;SJS;81;21;15;36;2;51
25;Fredrik Claesson;D;OTT;64;1;6;7;-7;35
24;Blake Pietila;LW;NJD;2;0;0;0;0;0
24;Nick Seeler;D;MIN;22;0;4;4;10;21
21;A.J. Greer;LW;COL;17;0;3;3;2;29
25;Sean Kuraly;C;BOS;75;6;8;14;-5;40
20;Brendan Guhle;D;BUF;18;0;5;5;-6;10
38;Joe Thornton;C;SJS;47;13;23;36;-9;38
20;Sebastian Aho;RW;CAR;78;29;36;65;4;24
26;Andrew Shaw;RW;MTL;51;10;10;20;-8;53
21;Evgeny Svechnikov;RW;DET;14;2;2;4;-2;8
20;Christian Fischer;RW;ARI;79;15;18;33;-17;14
25;Shane Prince;LW;NYI;14;1;1;2;-3;11
24;Vincent Trocheck;C;FLA;82;31;44;75;-9;54
20;Travis Konecny;C;PHI;81;24;23;47;17;46
20;Dylan Strome;C;ARI;21;4;5;9;4;8
24;Nick Cousins;C;ARI;71;12;7;19;-7;31
21;Brandon Carlo;D;BOS;76;0;6;6;10;45
20;Brock Boeser;RW;VAN;62;29;26;55;-5;16
20;Mathew Barzal;C;NYI;82;22;63;85;1;30
20;Nicholas Merkley;RW;ARI;1;0;0;0;0;2
37;Joel Ward;RW;SJS;52;5;7;12;-2;20
24;Daniel Catenacci;C;NYR;1;0;0;0;-1;0
26;Klas Dahlbeck;D;CAR;33;1;4;5;-6;21
26;Andy Andreoff;LW;LAK;45;3;6;9;-6;50
25;Nick Shore;C;LAK, OTT, CGY;64;5;14;19;-3;16
24;Andy Welinski;D;ANA;7;0;2;2;-1;0
24;Alan Quine;C;NYI;21;0;3;3;-2;4
21;Jack Roslovic;C;WPG;31;5;9;14;5;2
20;Zach Werenski;D;CBJ;77;16;21;37;8;16
20;Nicolas Roy;C;CAR;1;0;0;0;-1;0
25;Kyle Rau;C;MIN;3;0;1;1;0;0
25;Ryan Dzingel;LW;OTT;79;23;18;41;-17;35
20;Daniel Sprong;RW;PIT;8;2;1;3;2;0
25;Jean-Gabriel Pageau;C;OTT;78;14;15;29;-14;36
21;Thomas Chabot;D;OTT;63;9;16;25;-12;14
24;Mike Reilly;D;MIN, MTL;57;2;16;18;-5;26
24;Reid Boucher;C;VAN;20;3;2;5;-12;0
34;Duncan Keith;D;CHI;82;2;30;32;-29;28
20;Lawson Crouse;LW;ARI;11;1;0;1;-6;7
24;Ty Rattie;RW;EDM;14;5;4;9;1;2
24;Rocco Grimaldi;C;COL;6;1;2;3;0;0
25;Scott Mayfield;D;NYI;47;2;10;12;-6;45
25;Tomas Jurco;LW;CHI;29;6;4;10;1;12
25;Adam Clendening;D;ARI;5;0;2;2;-1;2
24;Boone Jenner;C;CBJ;75;13;19;32;1;39
20;Mitch Marner;C;TOR;82;22;47;69;-1;26
24;Dmitrij Jaskin;RW;STL;76;6;11;17;6;14
24;Victor Rask;C;CAR;71;14;17;31;0;12
25;Brandon Saad;LW;CHI;82;18;17;35;-10;14
24;Brett Ritchie;RW;DAL;71;7;7;14;1;42
20;Filip Chlapik;C;OTT;20;1;3;4;-5;4
24;Joel Edmundson;D;STL;69;7;10;17;-1;57
25;Matthew Nieto;LW;COL;74;15;11;26;6;14
24;Xavier Ouellet;D;DET;45;0;7;7;-3;6
25;Zack Mitchell;RW;MIN;23;3;2;5;-2;4
21;Joel Eriksson Ek;LW/C;MIN;75;6;10;16;2;22
24;Miikka Salomaki;RW;NSH;58;2;6;8;-8;34
25;William Karlsson;C;VGK;82;43;35;78;49;12
24;Scott Harrington;D;CBJ;32;2;3;5;0;8
25;Ryan Sproul;D;NYR;16;1;4;5;-6;6
21;Ivan Provorov;D;PHI;82;17;24;41;17;20
24;Nikita Kucherov;RW;TBL;80;39;61;100;15;42
24;Ryan Nugent-Hopkins;C;EDM;62;24;24;48;10;20
25;Gabriel Landeskog;LW;COL;78;25;37;62;16;37
24;Jonathan Huberdeau;LW;FLA;82;27;42;69;-2;32
25;Adam Larsson;D;EDM;63;4;9;13;10;34
21;Gabriel Carlsson;D;CBJ;14;0;2;2;0;4
24;Mika Zibanejad;C;NYR;72;27;20;47;-23;14
24;Mark Scheifele;C;WPG;60;23;37;60;19;18
25;Sean Couturier;C;PHI;82;31;45;76;34;31
24;Dougie Hamilton;D;CGY;82;17;27;44;1;64
24;Jonas Brodin;D;MIN;73;6;15;21;23;30
24;Duncan Siemens;D;COL;16;1;1;2;-5;23
24;Ryan Murphy;D;MIN;21;2;3;5;8;16
25;Sven Baertschi;LW;VAN;53;14;15;29;3;20
25;Jamie Oleksiak;D;DAL, PIT;68;5;12;17;7;87
24;J.T. Miller;LW/C;NYR, TBL;82;23;35;58;-4;40
24;Joel Armia;RW;WPG;79;12;17;29;3;22
25;Nathan Beaulieu;D;BUF;59;1;8;9;-19;36
20;Anthony Cirelli;C;TBL;18;5;6;11;11;6
24;Oscar Klefbom;D;EDM;66;5;16;21;-12;18
24;Connor Murphy;D;CHI;76;2;12;14;-3;34
24;Stefan Noesen;RW;NJD;72;13;14;27;12;36
25;Joseph Morrow;D;MTL, WPG;56;6;10;16;-4;26
35;Andy Greene;D;NJD;81;3;10;13;-9;21
24;Phillip Danault;LW/C;MTL;52;8;17;25;0;34
25;Tanner Kero;RW/C;CHI;8;1;2;3;1;0
24;Rickard Rakell;C;ANA;77;34;35;69;6;14
38;Jason Chimera;LW;NYI, ANA;74;3;10;13;-12;37
24;Markus Hannikainen;LW;CBJ;33;3;3;6;-1;6
24;Evan Rodrigues;LW;BUF;48;7;18;25;-10;14
25;Seth Griffith;C;BUF;21;2;1;3;-6;6
40;Mark Streit;D;MTL;2;0;0;0;-2;0
36;Alexandre Burrows;RW;OTT;71;6;8;14;-8;59
21;Brayden Point;C;TBL;82;32;34;66;18;24
27;Andreas Martinsen;LW;CHI;9;1;0;1;-1;17
24;Dean Kukan;D;CBJ;11;0;4;4;2;2
26;Noel Acciari;C;BOS;60;10;1;11;-6;9
19;Nico Hischier;C;NJD;82;20;32;52;10;26
25;Colin Miller;D;VGK;82;10;31;41;-4;53
31;Derek Ryan;C;CAR;80;15;23;38;-15;28
27;Jon Marchessault;C;VGK;77;27;48;75;36;40
33;Jason Garrison;D;VGK;8;0;1;1;-2;4
26;Nate Schmidt;D;VGK;76;5;31;36;19;16
23;Andreas Johnsson;LW;TOR;9;2;1;3;-2;0
27;Tyler Johnson;C;TBL;81;21;29;50;3;24
28;Drew Doughty;D;LAK;82;10;50;60;23;54
27;Steven Stamkos;C;TBL;78;27;59;86;18;72
28;Alex Pietrangelo;D;STL;78;15;39;54;8;22
27;Zach Bogosian;D;BUF;18;0;1;1;-9;20
28;Luke Schenn;D;ARI;64;1;6;7;-12;35
28;Colin Wilson;C;COL;56;6;12;18;-5;6
28;Mikkel Boedker;LW;SJS;74;15;22;37;0;12
28;Josh Bailey;RW;NYI;76;18;53;71;-20;17
27;Tyler Myers;D;WPG;82;6;30;36;9;48
24;Barclay Goodrow;RW;SJS;47;7;7;14;1;28
27;Erik Karlsson;D;OTT;71;9;53;62;-25;36
28;Luca Sbisa;D;VGK;30;2;12;14;8;15
21;Mikko Rantanen;RW;COL;81;29;55;84;0;34
27;Jake Gardiner;D;TOR;82;5;47;52;9;32
23;Matt Benning;D;EDM;73;6;15;21;5;49
27;Michael Del Zotto;D;VAN;82;6;16;22;-8;48
27;Jordan Eberle;RW/C;NYI;81;25;34;59;5;21
28;Tyler Ennis;LW;MIN;73;8;14;22;-1;12
28;John Carlson;D;WSH;82;15;53;68;0;32
27;Roman Josi;D;NSH;75;14;39;53;24;24
27;Justin Schultz;D;PIT;63;4;23;27;22;14
27;Aaron Ness;D;WSH;8;0;1;1;2;8
28;Zac Dalpe;C;CBJ;12;0;0;0;-3;13
27;Travis Hamonic;D;CGY;74;1;10;11;-9;79
27;Derek Stepan;C;ARI;82;14;42;56;-7;26
21;Mitch Reinke;D;STL;1;0;0;0;0;0
22;Eric Robinson;LW;CBJ;1;0;0;0;1;0
