Joueur;Age;Team;Pos;GP;G;A;PTS;Plusminus;PIM
Justin Abdelkader;31;DET;LW;71;6;13;19;-14;38
Pontus Aberg;25;TOT;LW;59;12;13;25;-14;20
Vitaly Abramov;20;OTT;RW;1;0;0;0;-3;0
Noel Acciari;27;BOS;C;72;6;8;14;-3;47
Kenny Agostino;26;TOT;LW;63;6;18;24;-3;34
Andrew Agozzino;28;COL;LW;11;1;1;2;2;0
Sebastian Aho;21;CAR;C;82;30;53;83;25;26
Mark Alt;27;COL;D;2;0;0;0;0;0
Karl Alzner;30;MTL;D;9;0;1;1;1;2
Michael Amadio;22;LAK;C;43;6;7;13;-1;6
Joey Anderson;20;NJD;RW;34;4;3;7;-7;6
Josh Anderson;24;CBJ;RW;82;27;20;47;25;60
Jaret Anderson-Dolan;19;LAK;C;5;0;1;1;-2;0
Lias Andersson;20;NYR;C;42;2;4;6;-13;29
Rasmus Andersson;22;CGY;D;79;2;17;19;17;23
Sven Andrighetto;25;COL;RW;64;7;10;17;10;14
Artem Anisimov;30;CHI;C;78;15;22;37;-2;14
Mason Appleton;23;WPG;C;36;3;7;10;9;4
Darren Archibald;28;TOT;RW;12;1;1;2;-3;12
Josh Archibald;26;ARI;RW;68;12;10;22;1;15
Joel Armia;25;MTL;RW;57;13;10;23;0;14
Viktor Arvidsson;25;NSH;LW;58;34;14;48;12;26
Zach Aston-Reese;24;PIT;C;43;8;9;17;12;26
Andreas Athanasiou;24;DET;C;76;30;24;54;-9;38
Cam Atkinson;29;CBJ;RW;80;41;28;69;3;20
Nicolas Aube-Kubel;22;PHI;RW;9;0;0;0;1;0
David Backes;34;BOS;C;70;7;13;20;0;31
Mikael Backlund;29;CGY;C;77;21;26;47;34;52
Nicklas Backstrom;31;WSH;C;80;22;52;74;2;30
Sven Baertschi;26;VAN;LW;26;9;5;14;-9;6
Josh Bailey;29;NYI;C;82;16;40;56;8;21
Justin Bailey;23;PHI;RW;11;0;1;1;0;2
Rudolfs Balcers;21;OTT;LW;36;5;9;14;-7;10
Ivan Barbashev;23;STL;C;80;14;12;26;-4;17
Mark Barberio;28;COL;D;12;1;0;1;-6;4
Aleksander Barkov;23;FLA;C;82;35;61;96;-3;8
Tyson Barrie;27;COL;D;78;14;45;59;-3;36
Matt Bartkowski;30;MIN;D;2;1;0;1;2;0
Mathew Barzal;21;NYI;C;82;18;44;62;-5;46
Nathan Bastian;21;NJD;RW;7;3;0;3;0;10
Drake Batherson;20;OTT;C;20;3;6;9;-2;6
Gavin Bayreuther;24;DAL;D;19;2;3;5;2;10
Jay Beagle;33;VAN;RW;57;3;10;13;-8;18
Jake Bean;20;CAR;D;2;0;0;0;0;2
Nathan Beaulieu;26;TOT;D;48;3;9;12;6;39
Anthony Beauvillier;21;NYI;LW;81;18;10;28;1;8
Matt Beleskey;30;NYR;LW;4;1;0;1;1;5
Pierre-Edouard Bellemare;33;VEG;LW;76;6;9;15;2;6
Louie Belpedio;22;MIN;D;2;0;0;0;0;0
Jamie Benn;29;DAL;LW;78;27;26;53;14;56
Jordie Benn;31;MTL;D;81;5;17;22;15;39
Sam Bennett;22;CGY;C;71;13;14;27;-6;93
Matt Benning;24;EDM;D;70;5;12;17;11;33
Patrice Bergeron;33;BOS;C;65;32;47;79;23;30
Patrik Berglund;30;BUF;C;23;2;2;4;-5;6
Tyler Bertuzzi;23;DET;LW;73;21;26;47;11;36
Alex Biega;30;VAN;D;41;2;14;16;0;22
Clark Bishop;22;CAR;C;20;1;2;3;-3;6
Anthony Bitetto;28;TOT;D;36;0;3;3;-7;12
Anders Bjork;22;BOS;LW;20;1;2;3;-1;2
Oliver Bjorkstrand;23;CBJ;RW;77;23;13;36;8;8
Nick Bjugstad;26;TOT;C;64;14;12;26;6;30
Colin Blackwell;25;NSH;C;6;0;0;0;-1;2
Sammy Blais;22;STL;LW;32;2;2;4;-1;6
Joseph Blandisi;24;TOT;C;9;0;0;0;-1;6
Anton Blidh;23;BOS;LW;1;0;0;0;0;0
Teddy Blueger;24;PIT;C;28;6;4;10;7;15
Mikkel Boedker;29;OTT;RW;71;7;28;35;-23;6
Brock Boeser;21;VAN;RW;69;26;30;56;-2;22
Zach Bogosian;28;BUF;D;65;3;16;19;-5;52
Nick Bonino;30;NSH;C;81;17;18;35;27;18
William Borgen;22;BUF;D;4;0;0;0;-5;0
Henrik Borgstr”m;21;FLA;C;50;8;10;18;-14;4
Mark Borowiecki;29;OTT;D;53;1;4;5;-12;89
Robert Bortuzzo;29;STL;D;59;2;8;10;9;47
Evan Bouchard;19;EDM;D;7;1;0;1;-5;2
Reid Boucher;25;VAN;C;1;0;0;0;0;0
Gabriel Bourque;28;COL;LW;55;2;6;8;3;10
Jay Bouwmeester;35;STL;D;78;3;14;17;-3;40
Madison Bowey;23;TOT;D;50;2;8;10;-1;46
Johnny Boychuk;35;NYI;D;74;3;16;19;10;25
Travis Boyd;25;WSH;C;53;5;15;20;6;6
Brian Boyle;34;TOT;C;73;18;6;24;-14;38
Tyler Bozak;32;STL;C;72;13;25;38;-3;20
Erik Brannstrom;19;OTT;D;2;0;0;0;0;0
Derick Brassard;31;TOT;C;70;14;9;23;-19;39
Jesper Bratt;20;NJD;W;51;8;25;33;-8;6
Justin Braun;31;SJS;D;78;2;14;16;-14;35
Connor Brickley;26;NYR;C;14;1;3;4;3;9
Daniel Brickley;23;LAK;D;4;0;1;1;-2;0
Guillaume Brisebois;21;VAN;D;8;0;0;0;-4;0
T.J. Brodie;28;CGY;D;79;9;25;34;29;24
Jonas Brodin;25;MIN;D;82;4;14;18;-15;30
Kyle Brodziak;34;EDM;C;70;6;3;9;-14;33
Jonny Brodzinski;25;LAK;C;13;2;1;3;0;2
Troy Brouwer;33;FLA;RW;75;12;9;21;-6;47
Connor Brown;25;TOR;RW;82;8;21;29;11;16
Dustin Brown;34;LAK;RW;72;22;29;51;-17;24
J.T. Brown;28;MIN;RW;56;3;5;8;0;29
Josh Brown;25;FLA;D;37;1;1;2;-3;28
Logan Brown;20;OTT;C;2;0;0;0;-2;0
Pavel Buchnevich;23;NYR;LW;64;21;17;38;-10;13
Michael Bunting;23;ARI;LW;5;1;0;1;0;2
Andre Burakovsky;23;WSH;LW;76;12;13;25;2;14
Erik Burgdoerfer;30;OTT;D;4;0;0;0;-1;2
Brent Burns;33;SJS;D;82;16;67;83;13;34
Will Butcher;24;NJD;D;78;4;26;30;-17;18
Chris Butler;32;STL;D;13;1;1;2;3;0
Dustin Byfuglien;33;WPG;D;42;4;27;31;4;69
Paul Byron;29;MTL;C;56;15;16;31;16;17
Drake Caggiula;24;TOT;LW;55;12;11;23;-5;28
Ryan Callahan;33;TBL;RW;52;7;10;17;7;14
Matt Calvert;29;COL;LW;82;11;15;26;-10;58
Kyle Capobianco;21;ARI;D;2;0;0;0;-2;0
Paul Carey;30;TOT;C;7;0;0;0;0;0
Brandon Carlo;22;BOS;D;72;2;8;10;22;47
John Carlson;29;WSH;D;80;13;57;70;21;34
Gabriel Carlsson;22;CBJ;D;1;0;0;0;-1;2
Ryan Carpenter;28;VEG;C;68;5;13;18;-6;8
Daniel Carr;27;VEG;LW;6;1;0;1;-1;0
Connor Carrick;24;TOT;D;34;2;9;11;-13;19
Sam Carrick;26;ANA;C;6;0;1;1;-1;2
Trevor Carrick;24;CAR;D;1;0;0;0;-1;5
William Carrier;24;VEG;LW;54;8;1;9;-4;29
Jeff Carter;34;LAK;C;76;13;20;33;-20;42
Colby Cave;24;TOT;C;53;3;5;8;-5;16
Cody Ceci;25;OTT;D;74;7;19;26;-22;18
Peter Cehlarik;23;BOS;LW;20;4;2;6;3;6
Erik Cernak;21;TBL;D;58;5;11;16;25;58
Thomas Chabot;22;OTT;D;70;14;41;55;-12;32
Michael Chaput;26;MTL;C;32;0;5;5;-4;14
Zdeno Chara;41;BOS;D;62;5;9;14;22;57
Rourke Chartier;22;SJS;C;13;1;0;1;-5;2
Jake Chelios;27;DET;D;5;0;0;0;0;2
Ben Chiarot;27;WPG;D;78;5;15;20;6;62
Alex Chiasson;28;EDM;RW;73;22;16;38;-1;32
Filip Chlapik;21;OTT;C;5;1;0;1;-2;4
Dennis Cholowski;20;DET;D;52;7;9;16;-20;16
Jakob Chychrun;20;ARI;D;53;5;15;20;-12;28
Filip Chytil;19;NYR;C;75;11;12;23;-22;8
Anthony Cirelli;21;TBL;C;82;19;20;39;25;34
Casey Cizikas;27;NYI;C;73;20;13;33;22;36
Fredrik Claesson;26;NYR;D;37;2;4;6;3;9
Adam Clendening;26;CBJ;D;4;0;0;0;1;0
Kyle Clifford;28;LAK;LW;72;11;10;21;4;96
Connor Clifton;23;BOS;D;19;0;1;1;5;15
Cal Clutterbuck;31;NYI;RW;73;8;15;23;6;44
Braydon Coburn;33;TBL;D;74;4;19;23;4;34
Andrew Cogliano;31;TOT;LW;78;6;11;17;1;22
Ian Cole;29;COL;D;71;2;13;15;-1;115
Blake Coleman;27;NJD;C;78;22;14;36;-19;71
Blake Comeau;32;DAL;RW;77;7;11;18;-7;42
J.T. Compher;23;COL;LW;66;16;16;32;-8;31
Max Comtois;20;ANA;LW;10;2;5;7;3;7
Cory Conacher;29;TBL;LW;1;0;0;0;0;2
Erik Condra;32;DAL;RW;6;1;0;1;-2;2
Kevin Connauton;28;ARI;D;50;1;7;8;-2;22
Brett Connolly;26;WSH;RW;81;22;24;46;13;24
Kyle Connor;22;WPG;LW;82;34;32;66;-7;18
Andrew Copp;24;WPG;C;69;11;14;25;20;6
Nick Cousins;25;ARI;C;81;7;20;27;-8;35
Logan Couture;29;SJS;C;81;27;43;70;-6;22
Sean Couturier;26;PHI;C;80;33;43;76;2;34
Charlie Coyle;26;TOT;C;81;12;22;34;-1;20
Adam Cracknell;33;ANA;RW;2;0;0;0;-1;0
Sidney Crosby;31;PIT;C;79;35;65;100;18;36
Lawson Crouse;21;ARI;LW;81;11;14;25;5;67
Matt Cullen;42;PIT;C;71;7;13;20;6;14
Josh Currie;26;EDM;RW;21;2;3;5;2;2
Austin Czarnik;26;CGY;C;54;6;12;18;-1;8
Evgenii Dadonov;29;FLA;RW;82;28;42;70;-6;8
Rasmus Dahlin;18;BUF;D;82;9;35;44;-13;34
Carl Dahlstrom;24;CHI;D;38;0;6;6;9;6
Michael Dal Colle;22;NYI;LW;28;3;4;7;3;2
Trevor Daley;35;DET;D;44;2;6;8;-3;12
Zac Dalpe;29;CBJ;RW;1;0;1;1;1;0
Phillip Danault;25;MTL;LW;81;12;41;53;17;39
Marko Dano;24;COL;C;8;0;0;0;-1;7
Laurent Dauphin;23;ARI;C;1;0;0;0;-1;0
Brandon Davidson;27;CHI;D;10;0;1;1;-4;15
Calvin de Haan;27;CAR;D;74;1;13;14;1;20
Jacob de La Rose;23;DET;LW;60;3;6;9;-13;16
Chase De Leo;23;ANA;C;1;0;0;0;1;0
Jean-Sebastien Dea;24;TOT;C;23;4;2;6;0;8
Anthony DeAngelo;23;NYR;D;61;4;26;30;6;77
Alex DeBrincat;21;CHI;RW;82;41;35;76;0;15
Jake Debrusk;22;BOS;LW;68;27;15;42;2;18
Danny DeKeyser;28;DET;D;52;5;15;20;2;39
Michael Del Zotto;28;TOT;D;42;1;9;10;-2;8
Dylan DeMelo;25;OTT;D;77;4;18;22;-1;32
Jason Demers;30;ARI;D;35;2;6;8;9;12
Travis Dermott;22;TOR;D;64;4;13;17;-5;22
Nicolas Deslauriers;27;MTL;LW;48;2;3;5;-12;22
Phillip Di Giuseppe;25;TOT;LW;24;1;3;4;-3;8
Jason Dickinson;23;DAL;C;67;6;16;22;9;23
Brenden Dillon;28;SJS;D;82;1;21;22;19;61
Christian Djoos;24;WSH;D;45;1;9;10;9;4
Max Domi;23;MTL;LW;82;28;44;72;20;80
Ryan Donato;22;TOT;C;56;10;15;25;-15;6
Matt Donovan;28;NSH;D;2;0;1;1;0;2
Joonas Donskoi;26;SJS;RW;80;14;23;37;10;10
Jake Dotchin;24;ANA;D;20;0;1;1;-4;39
Drew Doughty;29;LAK;D;82;8;37;45;-34;44
Nic Dowd;28;WSH;C;64;8;14;22;10;20
Justin Dowling;28;DAL;C;11;0;1;1;-4;0
Leon Draisaitl;23;EDM;C;82;50;55;105;2;52
Sheldon Dries;24;COL;C;40;3;3;6;-7;26
Jonathan Drouin;23;MTL;LW;81;18;35;53;-8;26
Dillon Dube;20;CGY;C;25;1;4;5;2;4
Brandon Dubinsky;32;CBJ;C;61;6;8;14;-16;36
Pierre-Luc Dubois;20;CBJ;LW;82;27;34;61;16;64
Matt Duchene;28;TOT;C;73;31;39;70;-3;8
Anthony Duclair;23;TOT;LW;74;19;14;33;-2;14
Mathew Dumba;24;MIN;D;32;12;10;22;-5;21
Brian Dumoulin;27;PIT;D;76;3;20;23;31;20
Vince Dunn;22;STL;D;78;12;23;35;14;45
Christian Dvorak;22;ARI;C;20;2;5;7;-2;2
Ryan Dzingel;26;TOT;C;78;26;30;56;-9;29
Cody Eakin;27;VEG;C;78;22;19;41;19;16
Patrick Eaves;34;ANA;RW;7;0;0;0;-4;4
Jordan Eberle;28;NYI;RW;78;19;18;37;-6;17
Alexander Edler;32;VAN;D;56;10;24;34;3;54
Joel Edmundson;25;STL;D;64;2;9;11;8;68
Nikolaj Ehlers;22;WPG;LW;62;21;16;37;2;15
Christoffer Ehn;22;DET;C;60;3;6;9;-5;6
Jack Eichel;22;BUF;C;77;28;54;82;-11;26
Aaron Ekblad;22;FLA;D;82;13;24;37;1;47
Mattias Ekholm;28;NSH;D;80;8;36;44;27;47
Oliver Ekman-Larsson;27;ARI;D;81;14;30;44;-16;52
Remi Elie;23;BUF;LW;16;0;1;1;-3;2
Lars Eller;29;WSH;C;81;13;23;36;-1;37
Stefan Elliott;28;OTT;D;3;0;1;1;1;0
Ryan Ellis;28;NSH;D;82;7;34;41;21;20
Deryk Engelland;36;VEG;D;74;2;10;12;-3;18
Andreas Englund;23;OTT;D;3;0;0;0;-2;10
Tyler Ennis;29;TOR;C;51;12;6;18;-6;2
Jonathan Ericsson;34;DET;D;52;3;2;5;-10;35
Loui Eriksson;33;VAN;LW;81;11;18;29;-11;22
Joel Eriksson Ek;22;MIN;C;58;7;7;14;-7;20
Adam Erne;23;TBL;LW;65;7;13;20;10;40
Robby Fabbri;23;STL;C;32;2;4;6;-4;6
Dante Fabbro;20;NSH;D;4;1;0;1;-1;0
Radek Faksa;25;DAL;C;81;15;15;30;-3;54
Justin Falk;30;OTT;D;10;0;0;0;-4;11
Oscar Fantenberg;27;TOT;D;61;2;2;4;3;17
Jesper Fast;27;NYR;RW;66;8;12;20;-3;26
Justin Faulk;26;CAR;D;82;11;24;35;9;47
Taylor Fedun;30;DAL;D;54;4;7;11;2;14
Eric Fehr;33;MIN;RW;72;7;8;15;-8;30
Micheal Ferland;26;CAR;LW;71;17;23;40;13;58
Kevin Fiala;22;TOT;LW;83;13;26;39;-23;36
Valtteri Filppula;34;NYI;C;72;17;14;31;19;16
Christian Fischer;21;ARI;RW;71;11;7;18;-13;27
Haydn Fleury;22;CAR;D;20;0;1;1;4;2
Warren Foegele;22;CAR;LW;77;10;5;15;-17;20
Steven Fogarty;25;NYR;C;10;0;0;0;-1;0
Marcus Foligno;27;MIN;LW;82;7;12;19;-1;55
Nick Foligno;31;CBJ;LW;73;17;18;35;12;44
Christian Folin;27;TOT;D;45;0;6;6;6;27
Derek Forbort;26;LAK;D;81;2;12;14;-13;52
Alex Formenton;19;OTT;LW;9;1;0;1;-2;6
Jakob Forsbacka Karlsson;22;BOS;C;28;3;6;9;1;2
Filip Forsberg;24;NSH;C;64;28;22;50;8;26
Gustav Forsling;22;CHI;D;43;3;6;9;-9;30
Alexandre Fortin;21;CHI;LW;24;3;3;6;-6;2
Cam Fowler;27;ANA;D;59;5;18;23;-14;20
Trent Frederic;20;BOS;C;15;0;0;0;-4;15
Mark Friedman;23;PHI;D;1;0;0;0;-1;0
Tanner Fritz;27;NYI;C;8;0;1;1;-3;2
Martin Frk;25;DET;RW;30;1;5;6;-9;4
Michael Frolik;30;CGY;LW;65;16;18;34;24;26
Kurtis Gabriel;25;NJD;RW;22;2;2;4;0;59
Sam Gagner;29;TOT;C;32;6;7;13;-6;14
Alex Galchenyuk;24;ARI;C;72;19;22;41;-19;34
Brendan Gallagher;26;MTL;RW;82;33;19;52;10;49
Joseph Gambardella;25;EDM;C;15;0;3;3;2;2
Dylan Gambrell;22;SJS;C;8;0;0;0;1;2
Jake Gardiner;28;TOR;D;62;3;27;30;19;26
Conor Garland;22;ARI;RW;47;13;5;18;1;12
Jason Garrison;34;EDM;D;17;1;0;1;1;8
Adam Gaudette;22;VAN;C;56;5;7;12;-8;18
Frederick Gaudreau;25;NSH;C;55;3;1;4;1;2
Johnny Gaudreau;25;CGY;LW;82;36;63;99;18;24
Brendan Gaunce;24;VAN;C;3;1;2;3;3;0
Cameron Gaunce;28;TBL;D;2;0;0;0;3;7
Frederik Gauthier;23;TOR;C;70;3;11;14;3;12
Timothy Gettinger;20;NYR;LW;4;0;0;0;0;0
Ryan Getzlaf;33;ANA;C;67;14;34;48;-19;58
Brian Gibbons;30;TOT;C;64;8;11;19;-5;20
Brandon Gignac;21;NJD;C;1;0;0;0;-2;0
Dennis Gilbert;22;CHI;D;1;0;0;0;0;2
John Gilmour;25;NYR;D;5;0;0;0;-3;4
Stephen Gionta;35;NYI;C;5;0;0;0;-4;0
Mark Giordano;35;CGY;D;78;17;57;74;39;69
Samuel Girard;20;COL;D;82;4;23;27;8;6
Dan Girardi;34;TBL;D;62;4;12;16;6;12
Zemgus Girgensons;25;BUF;C;72;5;13;18;-11;17
Claude Giroux;31;PHI;C;82;22;63;85;9;24
Ben Gleason;20;DAL;D;4;0;1;1;-1;0
Luke Glendening;29;DET;C;78;10;13;23;2;15
Nikolay Goldobin;23;VAN;LW;63;7;20;27;-10;18
Alex Goligoski;33;ARI;D;76;3;24;27;-7;16
Cody Goloubef;29;OTT;D;5;0;0;0;0;2
Barclay Goodrow;25;SJS;RW;82;7;10;17;4;76
Shayne Gostisbehere;25;PHI;D;78;9;28;37;-20;22
Tyrell Goulbourne;25;PHI;LW;2;0;0;0;0;0
Yanni Gourde;27;TBL;C;80;22;26;48;9;66
Michael Grabner;31;ARI;RW;41;9;7;16;-2;8
Markus Granlund;25;VAN;C;77;12;10;22;-4;20
Mikael Granlund;26;TOT;C;79;16;38;54;-8;24
Derek Grant;28;TOT;C;56;4;10;14;-6;14
Kevin Gravel;26;EDM;D;36;0;3;3;-2;4
Ryan Graves;23;COL;D;26;3;2;5;4;2
Anthony Greco;25;FLA;RW;1;0;0;0;-3;0
Mike Green;33;DET;D;43;5;21;26;-1;28
Andy Greene;36;NJD;D;82;5;20;25;-9;16
Jordan Greenway;21;MIN;LW;81;12;12;24;-12;29
A.J. Greer;22;COL;LW;15;1;1;2;-2;14
Rocco Grimaldi;25;NSH;C;53;5;8;13;-2;10
Carl Grundstrom;21;LAK;RW;15;5;1;6;-4;6
Eric Gryba;30;NJD;D;10;0;0;0;-1;10
Matt Grzelcyk;25;BOS;D;66;3;15;18;9;68
Radko Gudas;28;PHI;D;77;4;16;20;6;63
Erik Gudbranson;27;TOT;D;76;2;8;10;-20;87
Jake Guentzel;24;PIT;C;82;40;36;76;13;26
Brendan Guhle;21;TOT;D;8;0;1;1;-2;4
Carl Gunnarsson;32;STL;D;25;3;4;7;8;6
Denis Gurianov;21;DAL;RW;21;1;3;4;-3;0
Erik Gustafsson;26;CHI;D;79;17;43;60;-6;34
Carl Hagelin;30;TOT;LW;58;5;14;19;7;30
Robert Hagg;23;PHI;D;82;5;15;20;-3;63
Ron Hainsey;37;TOR;D;81;5;18;23;30;21
Libor Hajek;20;NYR;D;5;1;0;1;1;6
Micheal Haley;32;TOT;C;43;2;4;6;-2;75
Taylor Hall;27;NJD;LW;33;11;26;37;-6;16
Dan Hamhuis;36;NSH;D;57;0;5;5;-2;28
Dougie Hamilton;25;CAR;D;82;18;21;39;0;54
Travis Hamonic;28;CGY;D;69;7;12;19;21;33
Noah Hanifin;22;CGY;D;80;5;28;33;18;12
Joel Hanley;27;DAL;D;16;0;0;0;0;2
Markus Hannikainen;25;CBJ;LW;44;4;3;7;-5;2
Martin Hanzal;31;DAL;C;7;1;1;2;-4;4
Ben Harpur;24;OTT;D;51;1;4;5;-13;56
Scott Harrington;25;CBJ;D;73;2;15;17;6;23
Ryan Hartman;24;TOT;RW;83;12;14;26;1;74
Garnet Hathaway;27;CGY;RW;76;11;8;19;14;56
Erik Haula;27;VEG;LW;15;2;5;7;1;10
Jayce Hawryluk;23;FLA;C;42;7;5;12;-8;16
John Hayden;23;CHI;C;54;3;2;5;-12;27
Kevin Hayes;26;TOT;RW;71;19;36;55;-2;12
Dillon Heatherington;23;DAL;D;5;0;1;1;4;0
Victor Hedman;28;TBL;D;70;12;42;54;24;44
Tim Heed;28;SJS;D;37;2;11;13;9;10
Danton Heinen;23;BOS;C;77;11;23;34;13;16
Miro Heiskanen;19;DAL;D;82;12;21;33;-14;16
Darren Helm;32;DET;C;61;7;10;17;-11;20
Matt Hendricks;37;TOT;C;26;0;3;3;-2;19
Adam Henrique;28;ANA;C;82;18;24;42;-5;24
Tomas Hertl;25;SJS;C;77;35;39;74;5;18
Joe Hicketts;22;DET;D;11;0;0;0;-9;0
Thomas Hickey;29;NYI;D;40;0;4;4;5;33
Vinnie Hinostroza;24;ARI;C;72;16;23;39;-4;14
Roope Hintz;22;DAL;LW;58;9;13;22;-11;24
Taro Hirose;22;DET;LW;10;1;6;7;0;2
Nico Hischier;20;NJD;C;69;17;30;47;0;24
Niklas Hjalmarsson;31;ARI;D;82;0;10;10;8;44
Joshua Ho-Sang;23;NYI;C;10;1;1;2;2;6
Mike Hoffman;29;FLA;C;82;36;34;70;-24;30
Nick Holden;31;VEG;D;61;3;12;15;5;14
Justin Holl;27;TOR;D;11;0;1;1;-5;2
Korbinian Holzer;30;ANA;D;22;1;3;4;5;8
Julius Honka;23;DAL;D;29;0;4;4;-2;10
Patric Hornqvist;32;PIT;RW;69;18;19;37;-3;26
Bo Horvat;23;VAN;C;82;27;34;61;-4;33
Brett Howden;20;NYR;C;66;6;17;23;-16;14
Filip Hronek;21;DET;D;46;5;18;23;-10;30
Jonathan Huberdeau;25;FLA;C;82;30;62;92;-14;40
Charles Hudon;24;MTL;LW;32;3;2;5;-9;16
Quinn Hughes;19;VAN;D;5;0;3;3;0;2
Brad Hunt;30;TOT;D;42;5;7;12;-2;8
Dryden Hunt;23;FLA;LW;31;3;7;10;0;8
Matt Hunwick;33;BUF;D;14;0;2;2;-7;4
Ben Hutton;25;VAN;D;69;5;15;20;-23;43
Tomas Hyka;25;VEG;RW;17;1;3;4;-2;2
Zach Hyman;26;TOR;C;71;21;20;41;16;65
Alex Iafallo;25;LAK;C;82;15;18;33;-17;22
Matt Irwin;31;NSH;D;44;1;6;7;5;38
Joshua Jacobs;22;NJD;D;1;0;0;0;-1;0
Mark Jankowski;24;CGY;C;79;14;18;32;6;12
Mattias Janmark;26;DAL;C;81;6;19;25;-4;24
Calle Jarnkrok;27;NSH;C;79;10;16;26;13;12
Christian Jaros;22;OTT;D;61;1;9;10;-14;27
Dmitrij Jaskin;25;WSH;RW;37;2;6;8;-5;6
Boone Jenner;25;CBJ;C;77;16;22;38;6;42
Nick Jensen;28;TOT;D;80;2;18;20;4;21
Jakub Jerabek;27;STL;D;1;0;0;0;-3;2
Ryan Johansen;26;NSH;C;80;14;50;64;7;42
Marcus Johansson;28;TOT;C;58;13;17;30;-16;8
Adam Johnson;24;PIT;C;6;0;2;2;2;0
Erik Johnson;30;COL;D;80;7;18;25;8;38
Jack Johnson;32;PIT;D;82;1;12;13;-4;41
Luke Johnson;24;CHI;C;15;0;1;1;-8;8
Tyler Johnson;28;TBL;C;80;29;18;47;15;28
Andreas Johnsson;24;TOR;LW;73;20;23;43;14;32
Ross Johnston;24;NYI;LW;17;1;3;4;3;23
Henri Jokiharju;19;CHI;D;38;0;12;12;-7;16
Caleb Jones;21;EDM;D;17;1;5;6;-9;6
Max Jones;20;ANA;LW;30;2;3;5;-1;14
Seth Jones;24;CBJ;D;75;9;37;46;1;28
Mathieu Joseph;21;TBL;RW;70;13;13;26;5;26
Roman Josi;28;NSH;D;82;15;41;56;9;42
Tyson Jost;20;COL;C;70;11;15;26;-2;14
Noah Juulsen;21;MTL;D;21;1;4;5;5;6
Nazem Kadri;28;TOR;C;73;16;28;44;-2;43
Dominik Kahun;23;CHI;C;82;13;24;37;10;6
Vladislav Kamenev;22;COL;LW;23;2;3;5;-2;10
David Kampf;24;CHI;C;63;4;15;19;-6;14
Steven Kampfer;30;BOS;D;35;3;3;6;-6;22
Evander Kane;27;SJS;LW;75;30;26;56;-4;153
Patrick Kane;30;CHI;RW;81;44;66;110;2;22
Kasperi Kapanen;22;TOR;RW;78;20;24;44;12;27
Erik Karlsson;28;SJS;D;53;3;42;45;6;22
Melker Karlsson;28;SJS;C;79;12;4;16;-1;26
William Karlsson;26;VEG;C;82;24;32;56;1;16
Ondrej Kase;23;ANA;RW;30;11;9;20;0;2
Zack Kassian;28;EDM;RW;79;15;11;26;-6;102
Brady Keeper;22;FLA;D;1;0;0;0;1;0
Duncan Keith;35;CHI;D;82;6;34;40;13;70
Clayton Keller;20;ARI;C;82;14;33;47;-21;24
Adrian Kempe;22;LAK;LW;81;12;16;28;-10;50
Mario Kempe;30;ARI;C;52;4;5;9;5;18
Michal Kempny;28;WSH;D;71;6;19;25;24;60
Alexander Kerfoot;24;COL;C;78;15;27;42;-9;38
Ryan Kesler;34;ANA;C;60;5;3;8;-19;44
Phil Kessel;31;PIT;RW;82;27;55;82;-19;28
Jujhar Khaira;24;EDM;LW;60;3;15;18;-12;43
Alex Killorn;29;TBL;C;82;18;22;40;22;45
Bogdan Kiselevich;28;FLA;D;32;0;8;8;-3;12
Oscar Klefbom;25;EDM;D;61;5;23;28;-11;16
John Klingberg;26;DAL;D;64;10;35;45;6;12
Justin Kloos;25;ANA;C;1;0;0;0;0;0
Corban Knight;28;PHI;C;23;1;3;4;-5;0
Slater Koekkoek;24;TOT;D;31;2;4;6;4;14
Mikko Koivu;35;MIN;C;48;8;21;29;-2;22
Leo Komarov;32;NYI;C;82;6;20;26;18;42
Travis Konecny;21;PHI;C;82;24;25;49;-4;40
Anze Kopitar;31;LAK;C;81;22;38;60;-20;30
Kalle Kossila;25;ANA;LW;8;1;0;1;-1;4
Jesperi Kotkaniemi;18;MTL;C;79;11;23;34;1;26
Ilya Kovalchuk;35;LAK;LW;64;16;18;34;-26;10
Chris Kreider;27;NYR;C;79;28;24;52;4;57
David Krejci;32;BOS;C;81;20;53;73;7;16
Niklas Kronwall;38;DET;D;79;3;24;27;-5;40
Torey Krug;27;BOS;D;64;6;47;53;-2;33
Marcus Kruger;28;CHI;C;74;4;8;12;-2;30
Nikita Kucherov;25;TBL;RW;82;41;87;128;24;62
Ryan Kuffner;22;DET;LW;10;0;0;0;-4;0
Karson Kuhlman;23;BOS;C;11;3;2;5;5;2
Tom Kuhnhackl;27;NYI;RW;36;4;5;9;1;10
Dean Kukan;25;CBJ;D;25;0;5;5;6;6
Brett Kulak;25;MTL;D;57;6;11;17;12;31
Dmitry Kulikov;28;WPG;D;57;0;6;6;4;47
Luke Kunin;21;MIN;C;49;6;11;17;-9;27
Chris Kunitz;39;CHI;LW;56;5;5;10;-7;23
Janne Kuokkanen;20;CAR;C;7;0;0;0;-2;4
Sean Kuraly;26;BOS;C;71;8;13;21;6;38
Evgeny Kuznetsov;26;WSH;C;76;21;51;72;7;50
Oliver Kylington;21;CGY;D;38;3;5;8;3;10
Jordan Kyrou;20;STL;C;16;1;2;3;-1;4
Joel L'Esperance;23;DAL;RW;18;2;0;2;-4;6
Kevin Labanc;23;SJS;RW;82;17;39;56;-1;36
Andrew Ladd;33;NYI;LW;26;3;8;11;3;16
Paul Ladue;26;LAK;D;33;2;3;5;0;12
Patrik Laine;20;WPG;RW;82;30;20;50;-24;42
Maxime Lajoie;21;OTT;D;56;7;8;15;-25;20
Juho Lammikko;23;FLA;RW;40;0;6;6;-7;6
Gabriel Landeskog;26;COL;LW;73;34;41;75;17;51
Nick Lappin;26;NJD;RW;11;0;0;0;-6;0
Dylan Larkin;22;DET;C;76;32;41;73;-6;75
Adam Larsson;26;EDM;D;82;3;17;20;-28;44
Jacob Larsson;21;ANA;D;49;0;5;5;-4;16
Johan Larsson;26;BUF;LW;73;6;8;14;-8;37
Brian Lashoff;28;DET;D;4;0;1;1;-1;2
Scott Laughton;24;PHI;C;82;12;20;32;-11;53
Jeremy Lauzon;21;BOS;D;16;1;0;1;-1;2
Curtis Lazar;23;CGY;C;1;0;0;0;-1;0
Nick Leddy;27;NYI;D;82;4;22;26;0;18
Anders Lee;28;NYI;C;82;28;23;51;20;58
Artturi Lehkonen;23;MTL;LW;82;11;20;31;10;32
Jori Lehtera;31;PHI;C;27;1;2;3;-7;33
Brendan Leipsic;24;TOT;LW;62;7;16;23;-14;24
Josh Leivo;25;TOT;LW;76;14;10;24;5;32
Brendan Lemieux;22;TOT;LW;63;12;5;17;6;108
Kris Letang;31;PIT;D;65;16;40;56;13;48
Mark Letestu;33;CBJ;C;2;0;0;0;-1;0
Vinni Lettieri;23;NYR;C;27;1;2;3;-7;14
Tyler Lewington;24;WSH;D;2;1;1;2;3;7
Trevor Lewis;32;LAK;C;44;3;9;12;-9;9
Oscar Lindberg;27;TOT;C;55;9;11;20;4;28
Oskar Lindblom;22;PHI;LW;81;17;16;33;-9;20
Esa Lindell;24;DAL;D;82;11;21;32;14;33
Ryan Lindgren;20;NYR;D;5;0;0;0;-6;8
Anton Lindholm;24;COL;D;2;0;0;0;-1;0
Elias Lindholm;24;CGY;C;81;27;51;78;30;20
Hampus Lindholm;25;ANA;D;76;6;22;28;-5;44
Par Lindholm;27;TOT;C;65;1;12;13;5;18
Bryan Little;31;WPG;RW;82;15;26;41;-12;26
Blake Lizotte;21;LAK;C;1;0;0;0;-1;0
Ryan Lomberg;24;CGY;LW;4;0;0;0;0;17
Ben Lovejoy;34;TOT;D;71;2;7;9;-1;37
Adam Lowry;25;WPG;LW;78;12;11;23;6;33
Milan Lucic;30;EDM;LW;79;6;14;20;-9;91
Matt Luff;21;LAK;RW;33;8;3;11;-2;9
Isac Lundestrom;19;ANA;C;15;0;2;2;-1;2
Ilya Lyubushkin;24;ARI;D;41;0;4;4;-9;13
Olli Maatta;24;PIT;D;60;1;13;14;9;12
Kurtis MacDermid;24;LAK;D;11;0;1;1;-1;11
Andrew MacDonald;32;PHI;D;47;0;9;9;-5;18
Jacob MacDonald;25;FLA;D;2;1;0;1;1;0
Mackenzie MacEachern;24;STL;LW;29;3;2;5;0;10
Zack MacEwen;22;VAN;C;4;0;1;1;-4;5
Derek MacKenzie;37;FLA;C;1;0;0;0;0;0
Nathan MacKinnon;23;COL;C;82;41;58;99;20;34
Saku Maenalanen;24;CAR;RW;34;4;4;8;0;20
Josh Mahura;20;ANA;D;17;1;4;5;0;4
Denis Malgin;22;FLA;C;50;7;9;16;-10;14
Evgeni Malkin;32;PIT;C;68;21;51;72;-25;89
Brad Malone;29;EDM;C;16;0;0;0;0;4
Maxim Mamin;24;FLA;C;7;0;0;0;-2;5
Andrew Mangiapane;22;CGY;LW;44;8;5;13;11;12
Brandon Manning;28;TOT;D;39;2;2;4;-15;25
Josh Manson;27;ANA;D;74;3;13;16;-8;62
Anthony Mantha;24;DET;RW;67;25;23;48;-8;30
Brad Marchand;30;BOS;LW;79;36;64;100;15;96
Jon Marchessault;28;VEG;C;82;25;34;59;2;52
Martin Marincin;26;TOR;D;24;1;4;5;-4;12
Patrick Marleau;39;TOR;C;82;16;21;37;-6;28
Mitch Marner;21;TOR;C;82;26;68;94;22;22
Cooper Marody;22;EDM;C;6;0;0;0;-1;0
Pat Maroon;30;STL;LW;74;10;18;28;-3;64
Danick Martel;24;TBL;LW;9;0;2;2;3;8
Matt Martin;29;NYI;LW;67;6;8;14;5;53
Alec Martinez;31;LAK;D;60;4;14;18;-2;8
Jordan Martinook;26;CAR;LW;82;15;10;25;1;38
Andreas Martinsen;28;CHI;LW;24;1;3;4;-5;14
Mike Matheson;24;FLA;D;75;8;19;27;-24;44
Auston Matthews;21;TOR;C;68;37;36;73;-9;12
Scott Mayfield;26;NYI;D;79;4;15;19;18;68
Charlie McAvoy;21;BOS;D;54;7;21;28;14;45
Jake McCabe;25;BUF;D;59;4;10;14;-4;35
Jared McCann;22;TOT;C;78;19;16;35;-1;31
Max McCormick;26;OTT;LW;14;1;0;1;-6;4
Ian McCoshen;23;FLA;D;19;1;1;2;-2;8
Connor McDavid;22;EDM;C;78;41;75;116;3;20
Ryan McDonagh;29;TBL;D;82;9;37;46;38;34
Brock McGinn;24;CAR;LW;82;10;16;26;10;20
Jamie McGinn;30;FLA;LW;19;4;3;7;-5;6
Dylan McIlrath;26;DET;D;7;0;0;0;2;4
Greg McKegg;26;CAR;C;41;6;5;11;-2;8
Cody McLeod;34;TOT;LW;38;1;0;1;-13;67
Michael McLeod;20;NJD;C;21;0;3;3;-8;13
Brayden McNabb;28;VEG;D;81;4;12;16;11;52
Adam McQuaid;32;TOT;D;50;3;4;7;2;42
Wade Megan;28;DET;C;11;0;1;1;-4;2
Jaycob Megna;26;ANA;D;28;1;3;4;-1;12
Timo Meier;22;SJS;RW;78;30;36;66;9;55
Dakota Mermis;25;ARI;D;1;0;0;0;1;0
Jonathon Merrill;26;VEG;D;57;3;12;15;16;53
Victor Mete;20;MTL;D;71;0;13;13;17;6
Marc Methot;33;DAL;D;9;0;0;0;-3;6
Jacob Middleton;23;SJS;D;3;0;1;1;-1;2
Sonny Milano;22;CBJ;LW;8;1;0;1;0;0
Colin Miller;26;VEG;D;65;3;26;29;0;44
J.T. Miller;25;TBL;C;75;13;34;47;8;30
Kevan Miller;31;BOS;D;39;0;7;7;8;35
Casey Mittelstadt;20;BUF;C;77;12;13;25;-19;10
Sean Monahan;24;CGY;C;78;34;48;82;7;12
Brandon Montour;24;TOT;D;82;8;27;35;-20;56
John Moore;28;BOS;D;61;4;9;13;0;26
Trevor Moore;23;TOR;LW;25;2;6;8;1;2
Samuel Morin;23;PHI;D;5;0;0;0;-3;4
Josh Morrissey;23;WPG;D;59;6;25;31;9;14
Joseph Morrow;26;WPG;D;41;1;6;7;0;20
Tyler Motte;23;VAN;C;74;9;7;16;-12;10
Mirco Mueller;23;NJD;D;53;1;10;11;-3;17
Connor Murphy;25;CHI;D;52;5;8;13;12;40
Ryan Murphy;25;TOT;D;3;0;1;1;1;0
Ryan Murray;25;CBJ;D;56;1;28;29;20;10
Jake Muzzin;29;TOT;D;80;9;28;37;21;47
Philippe Myers;22;PHI;D;21;1;1;2;-5;2
Tyler Myers;28;WPG;D;80;9;22;31;11;63
Vladislav Namestnikov;26;NYR;C;78;11;20;31;-7;44
Riley Nash;29;CBJ;C;78;3;9;12;-8;19
James Neal;31;CGY;LW;63;7;12;19;-5;28
Martin Necas;20;CAR;C;7;1;1;2;0;2
Brock Nelson;27;NYI;C;82;25;28;53;20;28
Casey Nelson;26;BUF;D;38;1;5;6;1;13
Patrik Nemeth;26;COL;D;74;1;9;10;5;53
Valeri Nichushkin;23;DAL;RW;57;0;10;10;-4;0
Nino Niederreiter;26;TOT;RW;82;23;30;53;-4;30
Frans Nielsen;34;DET;C;72;10;25;35;-7;14
Matthew Nieto;26;COL;LW;64;4;19;23;2;8
Boo Nieves;25;NYR;C;43;4;6;10;-4;8
Sami Niku;22;WPG;D;30;1;3;4;0;2
Jacob Nilsson;25;CHI;C;2;0;0;0;-2;0
Matt Niskanen;32;WSH;D;80;8;17;25;-3;41
Stefan Noesen;25;NJD;RW;41;3;5;8;-19;28
Nelson Nogier;22;WPG;D;1;0;0;0;0;0
Jordan Nolan;29;STL;C;14;0;2;2;2;14
Joakim Nordstrom;26;BOS;C;70;7;5;12;0;13
Tomas Nosek;26;VEG;C;68;8;9;17;-10;18
Ryan Nugent-Hopkins;25;EDM;C;82;28;41;69;-13;26
Darnell Nurse;23;EDM;D;82;10;31;41;-5;87
Markus Nutivaara;24;CBJ;D;80;5;16;21;3;6
Alexander Nylander;20;BUF;LW;12;2;2;4;-4;4
William Nylander;22;TOR;C;54;7;20;27;-4;16
Gustav Nyquist;29;TOT;RW;81;22;38;60;1;12
Logan O'Connor;22;COL;RW;5;0;0;0;-2;0
Daniel O'Regan;25;BUF;C;1;0;0;0;0;0
Ryan O'Reilly;27;STL;C;82;28;49;77;22;12
Jordan Oesterle;26;ARI;D;71;6;14;20;-3;12
Kyle Okposo;30;BUF;RW;78;14;15;29;-9;41
Jamie Oleksiak;26;TOT;D;57;4;8;12;5;45
Victor Olofsson;23;BUF;RW;6;2;2;4;1;2
Dmitry Orlov;27;WSH;D;82;3;26;29;3;33
Brooks Orpik;38;WSH;D;53;2;7;9;8;32
T.J. Oshie;32;WSH;C;69;25;29;54;5;36
Xavier Ouellet;25;MTL;D;19;0;3;3;-3;13
Alex Ovechkin;33;WSH;LW;81;51;38;89;7;40
Igor Ozhiganov;26;TOR;D;53;3;4;7;0;14
Magnus Paajarvi;27;OTT;LW;80;11;8;19;-14;6
Max Pacioretty;30;VEG;LW;66;22;18;40;-13;36
Jean-Gabriel Pageau;26;OTT;C;39;4;8;12;-12;14
Ondrej Palat;27;TBL;LW;64;8;26;34;4;20
Kyle Palmieri;27;NJD;RW;74;27;23;50;-9;42
Artemi Panarin;27;CBJ;LW;79;28;59;87;14;23
Richard Panik;27;ARI;RW;75;14;19;33;-3;44
Cedric Paquette;25;TBL;C;80;13;4;17;7;80
Colton Parayko;25;STL;D;80;10;18;28;20;15
Zach Parise;34;MIN;LW;74;28;33;61;-2;26
David Pastrnak;22;BOS;RW;66;38;43;81;6;32
Greg Pateryn;28;MIN;D;80;1;6;7;-11;41
Nolan Patrick;20;PHI;C;72;13;18;31;-8;27
Nick Paul;23;OTT;LW;20;1;1;2;-10;4
Joe Pavelski;34;SJS;C;75;38;26;64;-4;22
Tanner Pearson;26;TOT;LW;80;18;9;27;-15;25
Matthew Peca;25;MTL;C;39;3;7;10;-14;4
Adam Pelech;24;NYI;D;78;5;16;21;22;24
Anthony Peluso;29;CGY;RW;4;0;0;0;-1;7
Brendan Perlini;22;TOT;LW;68;14;7;21;-17;28
Mathieu Perreault;31;WPG;C;82;15;15;30;-1;44
David Perron;30;STL;LW;57;23;23;46;3;46
Corey Perry;33;ANA;RW;31;6;4;10;-16;27
Brett Pesce;24;CAR;D;73;7;22;29;35;24
Nic Petan;23;TOT;C;18;1;2;3;-5;2
Alexander Petrovic;26;TOT;D;35;0;2;2;-15;26
Jeff Petry;31;MTL;D;82;13;33;46;-5;28
Elias Pettersson;20;VAN;C;71;28;38;66;3;12
Marcus Pettersson;22;TOT;D;84;2;23;25;17;66
Dion Phaneuf;33;LAK;D;67;1;5;6;-21;53
Blake Pietila;25;NJD;LW;19;0;1;1;-7;6
Alex Pietrangelo;29;STL;D;71;13;28;41;2;22
Lawrence Pilut;23;BUF;D;33;1;5;6;-8;20
Neal Pionk;23;NYR;D;73;6;20;26;-16;35
Brandon Pirri;27;VEG;C;31;12;6;18;7;6
Rem Pitlick;21;NSH;C;1;0;0;0;0;2
Tyler Pitlick;27;DAL;C;47;8;4;12;-2;6
Tomas Plekanec;36;MTL;C;3;1;0;1;0;0
Ryan Poehling;20;MTL;C;1;3;0;3;3;0
Brayden Point;22;TBL;C;79;41;51;92;27;28
Roman Polak;32;DAL;D;77;1;8;9;6;69
Jason Pominville;36;BUF;RW;73;16;15;31;-4;4
Derrick Pouliot;25;VAN;D;62;3;9;12;-1;30
Nate Prosser;32;MIN;D;15;0;0;0;1;2
Dalton Prout;28;CGY;D;20;1;1;2;1;8
Ivan Provorov;22;PHI;D;82;7;19;26;-16;32
Matt Puempel;26;DET;LW;8;1;0;1;-2;2
Jesse Puljujarvi;20;EDM;RW;46;4;5;9;-14;16
Ryan Pulock;24;NYI;D;82;9;28;37;21;22
Tom Pyatt;31;OTT;C;37;0;2;2;-16;2
Mark Pysyk;27;FLA;D;70;1;10;11;-1;26
John Quenneville;22;NJD;C;19;1;0;1;-1;4
Alan Quine;25;CGY;C;13;3;2;5;0;6
Lukas Radil;28;SJS;C;36;7;4;11;7;6
Alexander Radulov;32;DAL;RW;70;29;43;72;22;54
Brogan Rafferty;23;VAN;D;2;0;0;0;-1;0
Michael Raffl;30;PHI;LW;67;6;12;18;-1;32
Rickard Rakell;25;ANA;RW;69;18;25;43;-13;27
Mikko Rantanen;22;COL;RW;74;31;56;87;13;54
Victor Rask;25;TOT;C;49;3;6;9;-4;8
Michael Rasmussen;19;DET;C;62;8;10;18;-8;29
Ty Rattie;25;EDM;RW;50;4;7;11;-2;4
Kyle Rau;26;MIN;C;6;0;1;1;0;0
Matt Read;32;MIN;RW;12;1;0;1;-2;2
Ryan Reaves;32;VEG;RW;80;9;11;20;1;74
Mike Reilly;25;MTL;D;57;3;8;11;0;16
Sam Reinhart;23;BUF;C;82;22;43;65;-10;16
Sheldon Rempal;23;LAK;RW;7;0;0;0;-1;0
Anthony Richard;22;NSH;C;1;0;0;0;-1;0
Brad Richardson;33;ARI;C;66;19;8;27;6;22
Tobias Rieder;26;EDM;C;67;0;11;11;-8;8
Morgan Rielly;24;TOR;D;82;20;52;72;24;14
Juuso Riikola;25;PIT;D;37;2;3;5;3;10
Zac Rinaldo;28;NSH;C;23;1;2;3;1;20
Rasmus Ristolainen;24;BUF;D;78;5;38;43;-41;38
Brett Ritchie;25;DAL;RW;53;4;2;6;-7;57
Nick Ritchie;23;ANA;LW;60;9;22;31;6;82
Eric Robinson;23;CBJ;LW;13;0;0;0;-4;0
Jack Rodewald;24;OTT;RW;6;0;0;0;0;0
Evan Rodrigues;25;BUF;C;74;9;20;29;-7;25
Kevin Rooney;25;NJD;C;41;6;4;10;-4;15
Calle Rosen;24;TOR;D;4;1;0;1;-3;0
Jack Roslovic;22;WPG;C;77;9;15;24;-2;4
Antoine Roussel;29;VAN;LW;65;9;22;31;5;118
Carter Rowney;29;ANA;RW;62;7;13;20;0;12
Kevin Roy;25;ANA;C;3;0;0;0;-1;0
Matt Roy;23;LAK;D;25;2;4;6;-1;8
Nicolas Roy;21;CAR;C;6;0;0;0;0;2
Chad Ruhwedel;28;PIT;D;18;1;1;2;-9;4
Kris Russell;31;EDM;D;72;3;13;16;5;27
Patrick Russell;26;EDM;RW;6;0;0;0;0;2
Bryan Rust;26;PIT;RW;72;18;17;35;10;24
Jan Rutta;28;TOT;D;37;2;6;8;4;16
Bobby Ryan;31;OTT;LW;78;15;27;42;-29;35
Derek Ryan;32;CGY;C;81;13;25;38;21;24
Joakim Ryan;25;SJS;D;44;0;7;7;-1;15
Kerby Rychel;24;CGY;LW;2;0;0;0;-1;0
Brandon Saad;26;CHI;LW;80;23;24;47;-9;12
Miikka Salomaki;25;NSH;RW;37;3;4;7;5;8
Zach Sanford;24;STL;LW;60;8;12;20;8;21
Travis Sanheim;22;PHI;D;82;9;26;35;-4;22
Steven Santini;23;NJD;D;39;1;3;4;-6;16
Ashton Sautner;24;VAN;D;17;0;1;1;-2;2
David Savard;28;CBJ;D;82;8;16;24;19;36
Luca Sbisa;29;NYI;D;9;0;1;1;0;4
Marco Scandella;28;BUF;D;63;6;7;13;-13;26
Colton Sceviour;29;FLA;C;59;5;10;15;-2;15
Tim Schaller;28;VAN;LW;47;3;7;10;-2;9
Mark Scheifele;25;WPG;C;82;38;46;84;8;38
Brayden Schenn;27;STL;C;72;17;37;54;3;40
Luke Schenn;29;TOT;D;26;0;2;2;-10;16
Nikita Scherbak;23;LAK;RW;8;1;0;1;-4;2
Cameron Schilling;30;WPG;D;4;0;1;1;0;0
David Schlemko;31;MTL;D;18;0;2;2;-1;4
Jordan Schmaltz;25;STL;D;20;0;2;2;-7;2
Nick Schmaltz;22;TOT;C;40;7;18;25;-12;8
Nate Schmidt;27;VEG;D;61;9;21;30;22;8
Jimmy Schuldt;23;VEG;D;1;0;1;1;-1;0
Justin Schultz;28;PIT;D;29;2;13;15;0;4
Jaden Schwartz;26;STL;C;69;11;25;36;-6;16
Brent Seabrook;33;CHI;D;78;5;23;28;-6;41
Lukas Sedlak;25;CBJ;C;47;4;2;6;-5;10
Nick Seeler;25;MIN;D;71;2;5;7;-4;64
Tyler Seguin;27;DAL;C;82;33;47;80;17;18
Andrej Sekera;32;EDM;D;24;0;4;4;3;6
Brett Seney;22;NJD;LW;51;5;8;13;-14;31
Zachary Senyshyn;21;BOS;RW;2;1;0;1;0;0
Mikhail Sergachev;20;TBL;D;75;6;26;32;12;28
Damon Severson;24;NJD;D;82;11;28;39;-27;58
Kevin Shattenkirk;30;NYR;D;73;2;26;28;-15;20
Andrew Shaw;27;MTL;C;63;19;28;47;17;71
Riley Sheahan;27;TOT;C;82;9;10;19;-9;17
Conor Sheary;26;BUF;LW;78;14;20;34;-18;12
Kiefer Sherwood;23;ANA;RW;50;6;6;12;1;8
Kole Sherwood;22;CBJ;RW;2;0;0;0;0;0
Devin Shore;24;TOT;C;76;10;19;29;-12;13
Jonas Siegenthaler;21;WSH;D;26;0;4;4;6;10
Dylan Sikura;23;CHI;C;33;0;8;8;2;0
Jakob Silfverberg;28;ANA;LW;73;24;19;43;-9;28
Radim Simek;26;SJS;D;41;1;8;9;7;8
Wayne Simmonds;30;TOT;RW;79;17;13;30;-16;99
Dominik Simon;24;PIT;C;71;8;20;28;8;18
Colton Sissons;25;NSH;C;75;15;15;30;20;23
Jeff Skinner;26;BUF;C;82;40;23;63;0;36
Brady Skjei;24;NYR;D;78;8;17;25;-4;44
Jaccob Slavin;24;CAR;D;82;8;23;31;0;18
Brendan Smith;29;NYR;D;63;4;9;13;-7;71
C.J. Smith;24;BUF;LW;11;2;0;2;0;0
Craig Smith;29;NSH;C;76;21;17;38;11;20
Gemel Smith;24;TOT;C;17;2;1;3;-4;0
Reilly Smith;27;VEG;RW;74;19;34;53;13;14
Zack Smith;30;OTT;C;70;9;19;28;-6;81
Devante Smith-Pelly;26;WSH;RW;54;4;4;8;-6;15
Vladimir Sobotka;31;BUF;C;69;5;8;13;-20;26
Carl Soderberg;33;COL;C;82;23;26;49;-5;26
Marcus Sorensen;26;SJS;RW;80;17;13;30;10;23
Nikita Soshnikov;25;STL;RW;5;0;0;0;-1;0
Jason Spezza;35;DAL;C;76;8;19;27;-13;29
Ryan Spooner;27;TOT;C;52;3;6;9;-12;2
Daniel Sprong;21;TOT;RW;63;14;9;23;-16;10
Jared Spurgeon;29;MIN;D;82;14;29;43;-1;20
Eric Staal;34;MIN;C;81;22;30;52;-7;34
Jordan Staal;30;CAR;C;50;11;17;28;6;26
Marc Staal;32;NYR;D;79;3;10;13;-9;32
Drew Stafford;33;NJD;RW;57;5;8;13;-7;18
Steven Stamkos;28;TBL;C;82;45;53;98;4;37
Paul Stastny;33;VEG;C;50;13;29;42;14;30
Troy Stecher;24;VAN;D;78;2;21;23;9;32
Sam Steel;20;ANA;C;22;6;5;11;2;8
Alex Steen;34;STL;C;65;10;17;27;2;14
Lee Stempniak;35;BOS;RW;2;0;0;0;-1;0
Kevin Stenlund;22;CBJ;C;4;0;0;0;0;4
Derek Stepan;28;ARI;C;72;15;20;35;-2;14
Chandler Stephenson;24;WSH;C;64;5;6;11;-13;0
Riley Stillman;20;FLA;D;1;0;0;0;0;2
Mark Stone;26;TOT;RW;77;33;40;73;17;27
Michael Stone;28;CGY;D;14;0;5;5;0;10
Anton Stralman;32;TBL;D;47;2;15;17;12;8
Ben Street;31;ANA;C;21;3;2;5;-4;2
Dylan Strome;21;TOT;C;78;20;37;57;-8;20
Ryan Strome;25;TOT;C;81;19;16;35;-3;64
Nico Sturm;23;MIN;C;2;0;0;0;0;0
P.K. Subban;29;NSH;D;63;9;22;31;5;60
Libor Sulak;24;DET;D;6;0;0;0;-4;6
Oskar Sundqvist;24;STL;C;74;14;17;31;-1;22
Antti Suomela;24;SJS;C;27;3;5;8;1;4
Andrej Sustr;28;ANA;D;5;0;0;0;0;6
Ryan Suter;34;MIN;D;82;7;40;47;-8;41
Brandon Sutter;29;VAN;C;26;4;2;6;-12;6
Andrei Svechnikov;18;CAR;RW;82;20;17;37;0;62
Brandon Tanev;27;WPG;LW;80;14;15;29;9;41
Chris Tanev;29;VAN;D;55;2;10;12;3;18
Eric Tangradi;29;NJD;C;6;0;1;1;-3;0
Vladimir Tarasenko;27;STL;RW;76;33;35;68;8;22
Tomas Tatar;28;MTL;C;80;25;33;58;21;34
John Tavares;28;TOR;C;82;47;41;88;19;34
Matt Tennyson;28;BUF;D;4;0;0;0;-4;0
Teuvo Teravainen;24;CAR;LW;82;21;55;76;30;12
Troy Terry;21;ANA;C;32;4;9;13;8;2
Josh Teves;23;VAN;D;1;0;0;0;-1;2
Alexandre Texier;19;CBJ;C;2;1;0;1;3;0
Shea Theodore;23;VEG;D;79;12;25;37;-4;20
Robert Thomas;19;STL;C;70;9;24;33;-2;14
Nate Thompson;34;TOT;C;78;5;8;13;-1;17
Tage Thompson;21;BUF;C;65;7;5;12;-22;20
Chris Thorburn;35;STL;RW;1;0;0;0;0;0
Joe Thornton;39;SJS;C;73;16;35;51;8;20
Chris Tierney;24;OTT;C;81;9;39;48;-22;26
Brady Tkachuk;19;OTT;LW;71;22;23;45;-10;75
Matthew Tkachuk;21;CGY;LW;80;34;43;77;14;62
Devon Toews;24;NYI;D;48;5;13;18;7;4
Jonathan Toews;30;CHI;C;82;35;46;81;2;40
Tyler Toffoli;26;LAK;C;82;13;21;34;-16;23
Eeli Tolvanen;19;NSH;RW;4;1;1;2;2;0
Dominic Toninato;24;COL;C;2;1;0;1;0;0
Vincent Trocheck;25;FLA;C;55;10;24;34;-9;54
Zach Trotman;28;PIT;D;13;0;1;1;4;4
Jacob Trouba;24;WPG;D;82;8;42;50;8;58
Alex Tuch;22;VEG;RW;74;20;32;52;13;8
Dominic Turgeon;22;DET;C;4;0;0;0;-3;0
Kyle Turris;29;NSH;C;55;7;16;23;-6;33
Urho Vaakanainen;20;BOS;D;2;0;0;0;-1;0
Juuso Valimaki;20;CGY;D;24;1;2;3;-2;12
James van Riemsdyk;29;PHI;LW;66;27;21;48;-10;18
Trevor van Riemsdyk;27;CAR;D;78;3;11;14;-4;10
Thomas Vanek;35;DET;LW;64;16;20;36;-12;26
Phil Varone;28;PHI;C;47;3;4;7;-2;8
Sami Vatanen;27;NJD;D;50;4;13;17;-17;22
Frank Vatrano;24;FLA;LW;81;24;15;39;-10;38
Max Veronneau;23;OTT;RW;12;2;2;4;-5;0
Kristian Vesalainen;19;WPG;W;5;0;1;1;0;0
Jimmy Vesey;25;NYR;LW;81;17;18;35;-6;21
Jake Virtanen;22;VAN;RW;70;15;10;25;-4;44
Marc-Edouard Vlasic;31;SJS;D;72;3;22;25;-6;10
Jakub Voracek;29;PHI;RW;78;20;46;66;-16;25
Mikhail Vorobyev;22;PHI;C;15;1;1;2;0;2
Jakub Vrana;22;WSH;LW;82;24;23;47;20;27
Austin Wagner;21;LAK;LW;62;12;9;21;2;16
Chris Wagner;27;BOS;C;76;12;7;19;3;51
Nathan Walker;24;WSH;C;3;0;1;1;1;2
Sean Walker;24;LAK;D;39;3;7;10;-8;8
Lucas Wallmark;23;CAR;C;81;10;18;28;-8;36
Austin Watson;27;NSH;LW;37;7;9;16;11;39
Jordan Weal;26;TOT;C;63;8;13;21;-8;18
Shea Weber;33;MTL;D;58;14;19;33;15;28
Yannick Weber;30;NSH;D;62;2;6;8;7;18
MacKenzie Weegar;25;FLA;D;64;4;11;15;-3;64
Dale Weise;30;TOT;RW;51;5;6;11;-8;19
Andy Welinski;25;ANA;D;26;1;3;4;-5;8
Alexander Wennberg;24;CBJ;C;75;2;23;25;-1;12
Zach Werenski;21;CBJ;D;82;11;33;44;-12;18
Blake Wheeler;32;WPG;RW;82;20;71;91;0;60
Colin White;22;OTT;C;71;14;27;41;-24;24
Colton White;21;NJD;D;3;0;0;0;-2;2
Chris Wideman;29;TOT;D;25;2;5;7;-12;18
Justin Williams;37;CAR;RW;82;23;30;53;-4;44
Colin Wilson;29;COL;C;65;12;15;27;-6;8
Garrett Wilson;27;PIT;LW;50;2;6;8;2;18
Scott Wilson;26;BUF;C;15;0;3;3;-8;4
Tom Wilson;24;WSH;RW;63;22;18;40;11;128
Luke Witkowski;28;DET;D;34;0;2;2;-5;23
Christian Wolanin;23;OTT;D;30;4;8;12;3;6
Miles Wood;23;NJD;LW;63;10;14;24;-10;91
Egor Yakovlev;27;NJD;D;25;2;5;7;-6;6
Kailer Yamamoto;20;EDM;RW;17;1;1;2;-6;2
Keith Yandle;32;FLA;D;82;9;53;62;-17;50
Pavel Zacha;21;NJD;C;61;13;12;25;-6;15
Filip Zadina;19;DET;RW;9;1;2;3;-5;0
Nikita Zadorov;23;COL;D;70;7;7;14;19;75
Nikita Zaitsev;27;TOR;D;81;3;11;14;2;18
Travis Zajac;33;NJD;C;80;19;27;46;-25;20
Jakub Zboril;21;BOS;D;2;0;0;0;0;0
Mika Zibanejad;25;NYR;C;82;30;44;74;-12;47
Mats Zuccarello;31;TOT;LW;48;12;28;40;-8;24
Jason Zucker;27;MIN;LW;81;21;21;42;-9;28
Valentin Zykov;23;TOT;LW;28;2;3;5;-5;2
